10.2453,-1.04774e-05,0.000123172,-3.29666e-05
10.3093,-2.10467e-05,0.000246345,-6.60991e-05
10.3733,-3.15163e-05,0.000369638,-9.88847e-05
10.4371,-4.21077e-05,0.000492448,-0.000131778
10.5011,-5.26451e-05,0.000615708,-0.000164751
10.5652,-6.33862e-05,0.000739075,-0.000197877
10.6292,-7.39661e-05,0.00086242,-0.000230207
10.6932,-8.46165e-05,0.000985665,-0.00026324
10.757,-9.53885e-05,0.00110854,-0.000296189
10.8212,-0.000106122,0.0012322,-0.00032866
10.8853,-0.000116698,0.00135574,-0.000360993
10.9491,-0.000127968,0.00147813,-0.000395777
11.0131,-0.000138591,0.00160149,-0.000428164
11.0772,-0.000149491,0.00172487,-0.000460779
11.141,-0.000160168,0.00184769,-0.00049374
11.205,-0.000170773,0.00197135,-0.000525789
11.2691,-0.000181507,0.00209452,-0.000558934
11.333,-0.000192649,0.00221768,-0.000591637
11.397,-0.000203248,0.00234108,-0.000624002
11.461,-0.000214153,0.00246408,-0.000657832
11.5252,-0.000224699,0.00258805,-0.000689263
11.5892,-0.000235493,0.00271111,-0.00072254
11.653,-0.00024623,0.00283388,-0.000755596
11.7169,-0.000257183,0.00295692,-0.000788906
11.7809,-0.000268044,0.00307989,-0.000822473
11.8449,-0.000278941,0.00320297,-0.000856195
11.909,-0.000289992,0.00332589,-0.000890638
11.9734,-0.00030075,0.00345006,-0.000923578
12.0368,-0.000310907,0.00357221,-0.000956046
12.1009,-0.000322066,0.00369503,-0.000991072
12.1648,-0.00033255,0.00381823,-0.00102295
12.2291,-0.000343462,0.00394196,-0.00105672
12.293,-0.000353638,0.00406468,-0.00109052
12.3567,-0.00036465,0.00418689,-0.00112505
12.4208,-0.000374611,0.00431052,-0.00115701
12.4849,-0.000385497,0.00443385,-0.00119088
12.5487,-0.000396565,0.00455607,-0.00122574
12.6128,-0.000407055,0.00467969,-0.00125776
12.6789,-0.000418291,0.00480648,-0.00129393
12.7566,-0.000430267,0.0049563,-0.00133339
12.8207,-0.000441295,0.00507916,-0.0013681
12.885,-0.000452483,0.00520229,-0.00140351
12.9486,-0.000463126,0.0053244,-0.00143783
13.0126,-0.000473369,0.0054482,-0.00146886
13.0766,-0.000484461,0.00557084,-0.00150392
13.1406,-0.000494579,0.00569442,-0.00153576
13.2047,-0.000505488,0.00581736,-0.00156998
13.2687,-0.000516194,0.00594011,-0.00160472
13.3328,-0.00052589,0.00606484,-0.00163316
13.3967,-0.000536433,0.00618767,-0.00166722
13.4606,-0.000547433,0.00631007,-0.00170199
13.5248,-0.000557499,0.006434,-0.00173381
13.5887,-0.000568992,0.006556,-0.00177093
13.6526,-0.000579602,0.00667895,-0.00180386
13.7166,-0.000591413,0.0068016,-0.00183851
13.7804,-0.00060163,0.00692462,-0.00187122
13.8448,-0.000611791,0.00704925,-0.00190182
13.9088,-0.000623309,0.00717074,-0.00194082
13.9725,-0.000634194,0.00729299,-0.0019751
14.0366,-0.000644376,0.00741659,-0.00200776
14.1007,-0.000654364,0.00754028,-0.00203956
14.1645,-0.000664611,0.00766317,-0.00207272
14.2286,-0.000673961,0.00778601,-0.00210813
14.2926,-0.000683269,0.00791104,-0.00213497
14.3564,-0.000694099,0.00803302,-0.00217119
14.4204,-0.000703577,0.00815712,-0.00220094
14.4844,-0.000713001,0.0082814,-0.00223047
14.5487,-0.000722917,0.0084055,-0.00226235
14.6125,-0.000733312,0.00852806,-0.00229673
14.6766,-0.000742673,0.0086506,-0.00233342
14.7405,-0.00075168,0.00877513,-0.0023613
14.8045,-0.000762122,0.00889792,-0.00239614
14.8683,-0.000770502,0.00902097,-0.00242878
14.9325,-0.000780161,0.00914515,-0.00246001
14.9965,-0.00079055,0.00926791,-0.0024949
15.0602,-0.000798283,0.00939147,-0.00252502
15.1242,-0.000808942,0.00951373,-0.00256145
15.1884,-0.000818297,0.0096382,-0.00259156
15.2522,-0.000814503,0.00962488,-0.0025881
15.3162,-0.000814326,0.00962447,-0.00258967
15.3802,-0.000812748,0.00962537,-0.00258683
15.4443,-0.000810526,0.00962561,-0.00258664
15.5083,-0.000809634,0.00962555,-0.00258715
15.5721,-0.00080836,0.00962602,-0.00258579
15.6362,-0.000805174,0.00962695,-0.0025833
15.7004,-0.000804277,0.0096269,-0.00258378
15.7642,-0.000804096,0.00962584,-0.0025878
15.8282,-0.000803794,0.00962494,-0.00259122
15.8923,-0.00080234,0.00962567,-0.00258896
15.9561,-0.00080222,0.00962384,-0.00259578
16.0201,-0.00079887,0.00962502,-0.00259246
16.0841,-0.000797852,0.00962513,-0.00259235
16.1483,-0.000796958,0.0096244,-0.00259534
16.2123,-0.000794941,0.00962594,-0.00259024
16.2763,-0.000794167,0.00962436,-0.00259634
16.3402,-0.000792827,0.00962494,-0.00259461
16.4042,-0.000792996,0.00962496,-0.00259449
16.468,-0.000793314,0.00962314,-0.00260113
16.5322,-0.000791312,0.009624,-0.00259857
16.5963,-0.000791357,0.00962351,-0.00260036
16.66,-0.000791009,0.00962264,-0.00260366
16.724,-0.000789549,0.00962271,-0.00260384
16.788,-0.000787112,0.00962188,-0.00260765
16.8519,-0.00078534,0.00962241,-0.00260623
16.9159,-0.000785586,0.00962162,-0.00260909
16.9799,-0.000785951,0.00962134,-0.00261001
17.0441,-0.00078507,0.00962291,-0.00260446
17.1082,-0.000785668,0.00961991,-0.00261535
17.1719,-0.000785356,0.00961994,-0.00261535
17.2361,-0.000784403,0.00962093,-0.00261199
17.3001,-0.000784986,0.00962032,-0.00261406
17.3639,-0.000786935,0.00962005,-0.00261447
17.4281,-0.000787541,0.0096194,-0.00261668
17.492,-0.000786681,0.00962026,-0.00261376
17.5558,-0.000788584,0.00961934,-0.00261657
17.6199,-0.000789588,0.00961807,-0.00262094
17.6839,-0.000789977,0.00961701,-0.00262471
17.7481,-0.000791994,0.00961662,-0.00262551
17.8119,-0.000791406,0.00961708,-0.00262402
17.8757,-0.000793548,0.00961576,-0.00262821
17.9399,-0.000793205,0.00961583,-0.00262806
18.004,-0.000795304,0.00961531,-0.00262932
18.0678,-0.000796074,0.00961361,-0.00263529
18.1318,-0.00079738,0.00961359,-0.00263496
18.196,-0.000797259,0.00961511,-0.00262946
18.2597,-0.000798919,0.00961272,-0.00263768
18.3237,-0.000799765,0.00961086,-0.0026442
18.3878,-0.000801594,0.00960998,-0.00264683
18.4519,-0.000801195,0.00961014,-0.00264639
18.5159,-0.000801799,0.00961049,-0.00264493
18.5797,-0.000803807,0.0096093,-0.00264861
18.6438,-0.000801352,0.00961288,-0.00263635
18.7078,-0.000803318,0.00961178,-0.00263978
18.7716,-0.000804638,0.00960906,-0.00264924
18.8356,-0.000804807,0.00960936,-0.00264809
18.8999,-0.000804328,0.00960967,-0.00264714
18.9636,-0.000806903,0.00960749,-0.00265425
19.0276,-0.000807066,0.00960669,-0.0026571
19.0918,-0.000806239,0.00960759,-0.00265409
19.1555,-0.000806887,0.00960707,-0.00265578
19.2196,-0.000806197,0.00960775,-0.00265353
19.2835,-0.000805944,0.00960767,-0.0026539
19.3477,-0.000805861,0.00960729,-0.0026553
19.4117,-0.000804385,0.00960853,-0.00265126
19.4755,-0.000805795,0.00960665,-0.00265761
19.5396,-0.000805422,0.00960679,-0.00265724
19.6036,-0.000804193,0.00960846,-0.00265155
19.6674,-0.000804243,0.00960699,-0.00265688
19.7314,-0.000802542,0.00960663,-0.0026587
19.7954,-0.000803804,0.00960584,-0.00266115
19.8594,-0.000801602,0.00960552,-0.00266297
19.9234,-0.00080167,0.00960484,-0.00266539
19.9874,-0.000801668,0.00960429,-0.00266738
20.0516,-0.000800418,0.00960607,-0.00266136
20.1154,-0.000799199,0.00960602,-0.00266189
20.1796,-0.00080016,0.00960365,-0.00267016
20.2435,-0.000798207,0.00960374,-0.00267041
20.3075,-0.000797688,0.00960325,-0.00267233
20.3714,-0.000797711,0.00960263,-0.00267455
20.4353,-0.000796031,0.00960345,-0.00267208
20.4994,-0.000793911,0.00960387,-0.0026712
20.5633,-0.000794639,0.00960187,-0.00267818
20.6273,-0.000794028,0.00960248,-0.00267617
20.6913,-0.000792954,0.00960307,-0.00267436
20.7553,-0.000792239,0.00960296,-0.00267498
20.8193,-0.00079035,0.00960293,-0.00267565
20.8831,-0.000788883,0.00960433,-0.00267106
20.9473,-0.000788854,0.0096038,-0.00267297
21.0114,-0.00078827,0.00960439,-0.00267101
21.0751,-0.000786769,0.00960493,-0.00266953
21.1394,-0.000786688,0.0096045,-0.00267108
21.2034,-0.00078559,0.00960617,-0.00266538
21.2671,-0.000785992,0.00960475,-0.00267039
21.3311,-0.000785423,0.00960435,-0.002672
21.3951,-0.000787033,0.00960615,-0.00266504
21.459,-0.000787683,0.00960418,-0.00267193
21.523,-0.000787499,0.00960397,-0.00267276
21.587,-0.000786285,0.00960494,-0.00266961
21.6512,-0.000786179,0.00960457,-0.002671
21.7152,-0.000784783,0.00960595,-0.00266642
21.779,-0.000785407,0.00960398,-0.00267332
21.8431,-0.000784777,0.00960475,-0.00267076
21.9072,-0.000783778,0.00960633,-0.00266534
21.971,-0.000782719,0.00960449,-0.0026723
22.0349,-0.000781725,0.00960608,-0.00266685
22.0991,-0.000780829,0.00960535,-0.00266974
22.1629,-0.000779194,0.00960476,-0.00267233
22.2269,-0.000777952,0.00960696,-0.0026648
22.2909,-0.000776623,0.00960568,-0.0026698
22.3551,-0.000773254,0.00960906,-0.00265858
22.419,-0.000772532,0.00960794,-0.00266285
22.4828,-0.000770775,0.00960763,-0.00266445
22.547,-0.000767912,0.00960991,-0.00265707
22.611,-0.000766366,0.00960911,-0.00266038
22.6748,-0.000763791,0.00960963,-0.00265926
22.7389,-0.000759143,0.0096101,-0.0026589
22.803,-0.00075775,0.00960892,-0.00266356
22.8667,-0.000755799,0.00960907,-0.00266356
22.9307,-0.000753261,0.0096095,-0.00266272
22.9947,-0.000749643,0.00960976,-0.0026628
23.0587,-0.000746669,0.00961012,-0.00266236
23.1228,-0.000742472,0.00961181,-0.00265741
23.1868,-0.000740709,0.00961151,-0.00265898
23.2508,-0.00073782,0.00961285,-0.00265494
23.3148,-0.000734308,0.00961286,-0.00265589
23.3786,-0.000729451,0.00961389,-0.0026535
23.4428,-0.000728144,0.00961242,-0.00265916
23.5069,-0.000725592,0.00961414,-0.00265363
23.5707,-0.000722373,0.00961217,-0.00266164
23.6347,-0.000718619,0.00961279,-0.00266041
23.6988,-0.000715664,0.00961314,-0.00265997
23.7626,-0.000711626,0.00961327,-0.00266057
23.8266,-0.000707861,0.00961393,-0.00265917
23.8905,-0.000705597,0.0096137,-0.00266064
23.9548,-0.000703694,0.00961375,-0.00266095
24.0188,-0.000699143,0.009614,-0.00266125
24.0825,-0.000697161,0.00961297,-0.00266546
24.1467,-0.000694978,0.00961249,-0.00266778
24.2108,-0.000691223,0.00961314,-0.00266642
24.2745,-0.000689594,0.00961108,-0.00267426
24.3385,-0.000686369,0.00961218,-0.0026711
24.4026,-0.00068467,0.00961164,-0.0026735
24.4665,-0.000681213,0.00961006,-0.00268006
24.5305,-0.000679168,0.0096105,-0.00267901
24.5944,-0.000677937,0.00960854,-0.00268633
24.6586,-0.000674403,0.00961059,-0.00267989
24.7225,-0.000672506,0.00960917,-0.00268544
24.7864,-0.000671564,0.00960626,-0.00269605
24.8505,-0.000668519,0.0096083,-0.00268954
24.9146,-0.000667392,0.00960591,-0.00269835
24.9784,-0.000665115,0.00960408,-0.00270541
25.0424,-0.000663198,0.0096041,-0.0027058
25.1066,-0.000662724,0.00960323,-0.00270902
25.1703,-0.000660671,0.00960368,-0.00270792
25.2344,-0.00065936,0.00960173,-0.00271515
25.2983,-0.000656272,0.00960243,-0.00271342
25.3624,-0.000656348,0.00960127,-0.0027175
25.4264,-0.000654582,0.00959915,-0.00272541
25.4904,-0.000654098,0.00959984,-0.00272309
25.5546,-0.000654056,0.00959904,-0.00272593
25.6185,-0.000652618,0.00959972,-0.00272386
25.6822,-0.000651059,0.00959845,-0.0027287
25.7463,-0.000650631,0.00959898,-0.00272696
25.8105,-0.000650575,0.00959819,-0.00272976
25.8741,-0.000648579,0.00959671,-0.00273542
25.9382,-0.00064761,0.00959745,-0.00273304
26.0025,-0.000647648,0.00959628,-0.00273715
26.0662,-0.000645873,0.00959571,-0.00273958
26.1302,-0.000645695,0.00959531,-0.00274101
26.1942,-0.000645739,0.00959406,-0.00274538
26.2583,-0.000644589,0.00959552,-0.00274054
26.3224,-0.000642862,0.00959473,-0.00274371
26.3862,-0.000642655,0.00959442,-0.00274482
26.4502,-0.000642383,0.00959437,-0.00274506
26.5143,-0.000640645,0.00959359,-0.0027482
26.5781,-0.000640241,0.0095921,-0.00275348
26.6422,-0.000639842,0.00959255,-0.00275202
26.7062,-0.000639477,0.00959287,-0.00275098
26.7701,-0.000637623,0.00959252,-0.00275262
26.8341,-0.00063743,0.00959213,-0.00275405
26.898,-0.000636483,0.00959287,-0.00275167
26.962,-0.000636246,0.00959266,-0.00275245
27.026,-0.000634198,0.00959316,-0.00275121
27.0902,-0.000634001,0.00959276,-0.00275262
27.1542,-0.00063201,0.00959302,-0.0027522
27.2181,-0.000631404,0.00959228,-0.00275491
27.282,-0.000629296,0.00959306,-0.00275265
27.346,-0.000628975,0.00959324,-0.00275211
27.4102,-0.000627345,0.00959181,-0.00275746
27.4739,-0.000627069,0.00959176,-0.00275769
27.538,-0.000624591,0.00959203,-0.00275732
27.602,-0.000624223,0.00959244,-0.00275597
27.666,-0.000622136,0.00959319,-0.00275385
27.7299,-0.000622022,0.00959235,-0.00275678
27.7938,-0.00061985,0.00959355,-0.00275312
27.858,-0.000619164,0.00959315,-0.00275466
27.9221,-0.000617633,0.00959357,-0.00275354
27.9858,-0.000617221,0.00959427,-0.0027512
28.05,-0.000615615,0.0095951,-0.00274864
28.114,-0.000615493,0.00959428,-0.00275153
28.1777,-0.000612902,0.00959525,-0.00274873
28.2418,-0.000613221,0.00959464,-0.00275078
28.306,-0.000611045,0.00959602,-0.00274646
28.3698,-0.000609201,0.00959554,-0.00274854
28.4338,-0.000609149,0.00959705,-0.00274328
28.4978,-0.000607233,0.009597,-0.00274388
28.5619,-0.000606825,0.00959782,-0.00274109
28.6258,-0.000606481,0.0095983,-0.00273949
28.6897,-0.000605335,0.00959651,-0.002746
28.7538,-0.000604962,0.00959716,-0.00274382
28.8179,-0.000602839,0.0095984,-0.00273996
28.8817,-0.000602638,0.00959801,-0.00274136
28.9457,-0.000602636,0.00959942,-0.00273642
29.0099,-0.000600743,0.00959925,-0.00273742
29.0737,-0.000601272,0.00959721,-0.00274444
29.1376,-0.0006003,0.00959875,-0.00273928
29.2016,-0.000600492,0.00959895,-0.00273854
29.2656,-0.000598811,0.00960062,-0.00273304
29.3296,-0.000598689,0.00959969,-0.00273634
29.3935,-0.000598786,0.00960059,-0.00273316
29.4577,-0.00059872,0.00960269,-0.00272578
29.5218,-0.000598106,0.00960187,-0.00272879
29.5855,-0.000596541,0.00960286,-0.00272566
29.6496,-0.00059624,0.00960327,-0.00272426
29.7137,-0.000596692,0.00960156,-0.00273019
29.7775,-0.000596274,0.0096029,-0.00272557
29.8414,-0.000594428,0.0096024,-0.00272776
29.9056,-0.000594409,0.00960445,-0.00272052
29.9694,-0.000592629,0.0096034,-0.00272461
30.0334,-0.000592818,0.00960378,-0.00272321
30.0974,-0.000590657,0.00960599,-0.0027159
30.1617,-0.000588774,0.00960583,-0.00271688
30.2255,-0.00058899,0.00960604,-0.00271607
30.2894,-0.000587016,0.00960671,-0.00271414
30.3537,-0.000587477,0.00960464,-0.00272135
30.4175,-0.000585366,0.00960663,-0.00271478
30.4813,-0.000584139,0.00960469,-0.00272189
30.5454,-0.000583874,0.00960497,-0.00272097
30.6095,-0.000581767,0.00960705,-0.00271405
30.6733,-0.000580718,0.00960311,-0.0027282
30.7373,-0.000580312,0.00960489,-0.002722
30.8012,-0.00057889,0.00960483,-0.00272254
30.8652,-0.000577008,0.00960458,-0.00272382
30.9293,-0.000575513,0.00960534,-0.00272145
30.9933,-0.000575782,0.009605,-0.00272257
31.0574,-0.000573782,0.00960618,-0.00271885
31.1215,-0.000572431,0.00960524,-0.00272245
31.1852,-0.000572708,0.00960477,-0.00272403
31.2493,-0.000570898,0.00960352,-0.00272881
31.3134,-0.00056952,0.00960281,-0.00273161
31.3772,-0.00056934,0.00960196,-0.00273463
31.4411,-0.000567975,0.00960096,-0.00273843
31.5052,-0.000568283,0.00959986,-0.00274222
31.5691,-0.000566834,0.00960002,-0.00274194
31.6332,-0.000567147,0.00959874,-0.00274636
31.6977,-0.000564835,0.0095973,-0.00275187
31.7613,-0.000563329,0.0095984,-0.00274835
31.8253,-0.000563616,0.00959737,-0.00275189
31.8891,-0.000562215,0.00959662,-0.00275479
31.9532,-0.000560732,0.00959736,-0.00275249
32.0173,-0.000560086,0.00959559,-0.00275878
32.0811,-0.00055864,0.00959561,-0.00275903
32.1451,-0.0005573,0.00959331,-0.00276726
32.2092,-0.000557505,0.00959367,-0.00276599
32.273,-0.000555662,0.00959152,-0.00277381
32.337,-0.000553748,0.00959092,-0.00277626
32.4011,-0.00055179,0.00959144,-0.00277485
32.4652,-0.000552031,0.00959076,-0.00277717
32.5291,-0.000550576,0.00959079,-0.00277733
32.5929,-0.000549132,0.00959044,-0.00277885
32.6572,-0.000548884,0.00958969,-0.00278146
32.7211,-0.000546938,0.00958986,-0.00278126
32.7849,-0.000545508,0.00958879,-0.00278523
32.8492,-0.000545256,0.00958785,-0.00278852
32.9132,-0.000543779,0.00958873,-0.00278579
32.9769,-0.00054306,0.00958633,-0.00279416
33.041,-0.000541574,0.00958792,-0.00278898
33.1048,-0.00054132,0.00958632,-0.00279454
33.1692,-0.000539851,0.00958695,-0.00279268
33.2331,-0.00053959,0.00958502,-0.00279932
33.2968,-0.000537641,0.00958424,-0.00280236
33.361,-0.000537357,0.0095847,-0.00280085
33.425,-0.00053589,0.00958626,-0.00279579
33.4889,-0.000536098,0.00958286,-0.00280737
33.5531,-0.000535816,0.00958405,-0.00280336
33.6171,-0.000533856,0.00958317,-0.00280674
33.6808,-0.000534058,0.00958284,-0.00280782
33.7448,-0.000532594,0.00958333,-0.00280645
33.8088,-0.000532319,0.00958397,-0.0028043
33.8729,-0.00053086,0.00958457,-0.00280255
33.937,-0.000530561,0.0095834,-0.00280657
34.0008,-0.000528584,0.00958232,-0.00281065
34.0652,-0.000528795,0.00958264,-0.00280951
34.1289,-0.000526807,0.00958135,-0.00281429
34.1927,-0.000525333,0.00958122,-0.00281499
34.2567,-0.000524518,0.00957992,-0.00281958
34.3207,-0.000523036,0.00957966,-0.00282073
34.3848,-0.000522768,0.00958039,-0.00281832
34.4489,-0.000521247,0.00957897,-0.00282342
34.5126,-0.000519224,0.00957742,-0.00282903
34.5769,-0.000518956,0.00957817,-0.00282654
34.6409,-0.00051697,0.00957777,-0.00282827
34.7047,-0.000517116,0.00957658,-0.00283227
34.7686,-0.000515619,0.00957621,-0.0028338
34.8327,-0.000513628,0.00957583,-0.00283542
34.8967,-0.000513297,0.00957522,-0.00283755
34.9607,-0.000511375,0.00957627,-0.00283434
35.0245,-0.00050487,0.00945086,-0.00280909
35.0888,-0.000498571,0.00932944,-0.00276708
35.1527,-0.000490518,0.00920554,-0.00273573
35.2166,-0.000482555,0.00908263,-0.00270173
35.2805,-0.000475277,0.00895986,-0.00266678
35.3446,-0.00046902,0.00883838,-0.00262601
35.4085,-0.000461142,0.00871556,-0.0025921
35.4724,-0.000454817,0.00859286,-0.00255631
35.5365,-0.000446958,0.00846949,-0.00252276
35.6006,-0.00044026,0.00834743,-0.00248405
35.6646,-0.000433836,0.0082232,-0.00245295
35.7284,-0.000426138,0.00810117,-0.00241658
35.7926,-0.000419796,0.00797788,-0.00238152
35.8566,-0.000413481,0.00785507,-0.00234546
35.9204,-0.000405526,0.00773395,-0.00230612
35.9844,-0.000399182,0.00761063,-0.00227241
36.0484,-0.000392863,0.00748765,-0.00223709
36.1126,-0.000384527,0.00736512,-0.0022001
36.1766,-0.000378275,0.00724261,-0.00216316
36.2404,-0.000370291,0.00711914,-0.00213145
36.3044,-0.000364123,0.00699745,-0.00209262
36.3685,-0.000357766,0.00687367,-0.00205957
36.4323,-0.000350455,0.00675259,-0.00201978
36.4963,-0.000344115,0.006629,-0.0019868
36.5603,-0.000336457,0.00650706,-0.0019484
36.6244,-0.000330278,0.00638481,-0.00191041
36.6884,-0.000323032,0.00626296,-0.0018718
36.7522,-0.00031674,0.00613981,-0.00183878
36.8165,-0.000309591,0.00601806,-0.00179801
36.8803,-0.000303142,0.00589334,-0.00176969
36.9442,-0.00029606,0.00577209,-0.00172993
37.0084,-0.000289795,0.00564866,-0.00169533
37.0723,-0.000282877,0.00552826,-0.00165248
37.1361,-0.000275759,0.0054059,-0.00161679
37.2001,-0.000269692,0.00528405,-0.00157795
37.2642,-0.000262673,0.0051618,-0.00154035
37.3284,-0.000255654,0.00503904,-0.00150321
37.3922,-0.000249575,0.004917,-0.00146611
37.456,-0.000242819,0.00479441,-0.00143137
37.5203,-0.000235651,0.00467159,-0.00139384
37.5843,-0.000228848,0.00454981,-0.00135545
37.6481,-0.000221982,0.00442741,-0.00132004
37.7121,-0.000215182,0.00430492,-0.00128321
37.7761,-0.000208493,0.00418304,-0.00124473
37.8403,-0.000202324,0.00405922,-0.0012112
37.9042,-0.000195701,0.00393742,-0.0011725
37.968,-0.000189062,0.00381552,-0.00113586
38.0323,-0.00018262,0.0036927,-0.00109835
38.0961,-0.000176096,0.00357091,-0.00106023
38.16,-0.000169483,0.00344835,-0.00102521
38.224,-0.00016302,0.00332622,-0.000986995
38.288,-0.000156716,0.0032039,-0.000949999
38.3521,-0.000150251,0.00308124,-0.000913314
38.4161,-0.000144539,0.00295898,-0.000875839
38.4799,-0.000138125,0.00283672,-0.000839856
38.544,-0.000131915,0.0027142,-0.000802461
38.6081,-0.000125674,0.00259138,-0.000766372
38.6719,-0.000119307,0.00246877,-0.00073151
38.7361,-0.000113589,0.0023462,-0.000694032
38.8,-0.000107445,0.00222375,-0.00065743
38.864,-0.000101182,0.00210112,-0.000621683
38.9279,-9.51125e-05,0.00197881,-0.000584787
38.9918,-8.89939e-05,0.00185611,-0.000549491
39.056,-8.29621e-05,0.00173339,-0.000512253
39.1201,-7.68963e-05,0.00161054,-0.000476595
39.1838,-7.11426e-05,0.00148819,-0.000441002
39.248,-6.51627e-05,0.00136552,-0.000403927
39.312,-5.91678e-05,0.00124281,-0.000367986
39.3759,-5.32395e-05,0.00112042,-0.000331375
39.4398,-4.73144e-05,0.000998023,-0.000295378
39.504,-4.13564e-05,0.000875074,-0.000258851
39.5678,-3.54957e-05,0.000752817,-0.000222849
39.6317,-2.96348e-05,0.0006302,-0.000186966
39.6956,-2.38216e-05,0.000507759,-0.000150736
39.76,-1.80094e-05,0.000384565,-0.000113977
39.8238,-1.22539e-05,0.000262233,-7.77155e-05
39.8876,-6.49751e-06,0.000139953,-4.15713e-05
39.9518,-7.95898e-07,1.71582e-05,-5.09167e-06
40.0158,0,0,0
40.0797,0,0,0
40.1437,0,0,0
40.2077,0,0,0
40.2716,0,0,0
40.3356,0,0,0
40.3994,0,0,0
40.4635,0,0,0
40.5275,0,0,0
40.5915,0,0,0
40.6556,0,0,0
40.7195,0,0,0
40.7833,0,0,0
40.8474,0,0,0
40.9116,0,0,0
40.9754,0,0,0
41.0394,0,0,0
41.1036,0,0,0
41.1674,0,0,0
41.2313,0,0,0
41.2955,0,0,0
41.3595,0,0,0
41.4233,0,0,0
41.4873,0,0,0
41.5515,0,0,0
41.6155,0,0,0
41.6792,0,0,0
41.7434,0,0,0
41.8072,0,0,0
41.8712,0,0,0
41.9352,0,0,0
41.9993,0,0,0
42.0633,-4.12625e-06,-6.8894e-07,6.38803e-05
42.1272,-8.20279e-06,-1.40931e-06,0.000127667
42.1913,-1.22813e-05,-2.15104e-06,0.000191653
42.2551,-1.62719e-05,-2.93904e-06,0.000255294
42.3191,-2.02328e-05,-3.74188e-06,0.000319166
42.383,-2.41415e-05,-4.36157e-06,0.000382982
42.4472,-2.81078e-05,-5.3155e-06,0.000447053
42.5113,-3.19551e-05,-6.19794e-06,0.000511042
42.5752,-3.57341e-05,-6.86721e-06,0.000574742
42.6392,-3.93775e-05,-7.83347e-06,0.000638634
42.7032,-4.30672e-05,-8.45343e-06,0.000702536
42.7673,-4.68587e-05,-9.34996e-06,0.00076652
42.8312,-5.04709e-05,-1.02187e-05,0.00083033
42.895,-5.40359e-05,-1.10563e-05,0.000894078
42.9594,-5.7597e-05,-1.23278e-05,0.000958347
43.0232,-6.10727e-05,-1.347e-05,0.00102199
43.087,-6.44905e-05,-1.37964e-05,0.00108574
43.151,-6.80832e-05,-1.46153e-05,0.00114961
43.2151,-7.14749e-05,-1.62099e-05,0.00121366
43.279,-7.47758e-05,-1.66842e-05,0.00127743
43.343,-7.8063e-05,-1.80362e-05,0.00134132
43.407,-8.15226e-05,-1.83741e-05,0.00140524
43.4711,-8.50315e-05,-2.11086e-05,0.00146921
43.535,-8.81964e-05,-2.20864e-05,0.00153307
43.5989,-9.15938e-05,-2.29797e-05,0.00159686
43.6631,-9.5009e-05,-2.48785e-05,0.00166092
43.7269,-9.80009e-05,-2.37816e-05,0.00172472
43.7908,-0.000101319,-2.48204e-05,0.00178846
43.8549,-0.00010467,-2.71874e-05,0.00185252
43.9189,-0.00010797,-2.8808e-05,0.00191642
43.9828,-0.00011123,-2.99778e-05,0.00198015
44.0468,-0.000114492,-3.1811e-05,0.00204406
44.1108,-0.00011773,-3.35207e-05,0.00210797
44.1749,-0.000120937,-3.47583e-05,0.00217197
44.2389,-0.000124147,-3.69345e-05,0.00223593
44.3027,-0.000127286,-3.77812e-05,0.00229959
44.3668,-0.000130453,-3.98323e-05,0.00236361
44.4308,-0.000133597,-4.20265e-05,0.00242754
44.4947,-0.000136654,-4.22706e-05,0.00249134
44.5588,-0.000139748,-4.38896e-05,0.00255533
44.6228,-0.000143279,-4.5862e-05,0.00261925
44.6868,-0.000146294,-4.6467e-05,0.00268311
44.7506,-0.000149308,-4.75307e-05,0.00274691
44.8146,-0.000152775,-4.82096e-05,0.00281079
44.8786,-0.000155796,-5.03338e-05,0.0028747
44.9426,-0.000158741,-5.07024e-05,0.00293865
45.0066,-0.000162213,-5.21619e-05,0.00300256
45.0707,-0.000165186,-5.43482e-05,0.00306651
45.1347,-0.000168626,-5.48443e-05,0.0031304
45.1985,-0.000171487,-5.48733e-05,0.00319421
45.2626,-0.000174989,-5.74505e-05,0.00325815
45.3266,-0.000177871,-5.88379e-05,0.00332207
45.3906,-0.000181294,-5.94803e-05,0.00338595
45.4547,-0.000184718,-5.99173e-05,0.00344994
45.5186,-0.000187572,-6.17955e-05,0.00351382
45.5824,-0.000190939,-6.13811e-05,0.00357752
45.6464,-0.000193702,-6.14418e-05,0.00364152
45.7104,-0.00019716,-6.3595e-05,0.00370539
45.7748,-0.000200635,-6.55756e-05,0.00376966
45.8386,-0.000203359,-6.61514e-05,0.00383338
45.9025,-0.000206797,-6.81164e-05,0.00389712
45.9665,-0.000209482,-6.81472e-05,0.00396112
46.0303,-0.000212922,-7.0437e-05,0.00402484
46.0944,-0.000216332,-7.19472e-05,0.00408878
46.1584,-0.000218965,-7.14878e-05,0.00415271
46.2224,-0.000222352,-7.2702e-05,0.00421662
46.2866,-0.000225809,-7.50935e-05,0.00428074
46.3506,-0.000229243,-7.7527e-05,0.00434459
46.4143,-0.000232544,-7.69042e-05,0.00440822
46.4786,-0.000235983,-7.86253e-05,0.00447243
46.5425,-0.000239317,-7.82784e-05,0.00453623
46.6063,-0.000242696,-7.94506e-05,0.00459996
46.6703,-0.000246114,-8.13836e-05,0.00466382
46.7345,-0.00024947,-8.11508e-05,0.00472793
46.7983,-0.000253804,-8.48225e-05,0.0047916
46.8622,-0.00025706,-8.25948e-05,0.00485542
46.9263,-0.000260483,-8.41338e-05,0.00491945
46.9904,-0.000264817,-8.63477e-05,0.00498337
47.0544,-0.000265317,-8.6873e-05,0.0049922
47.1182,-0.000266197,-8.63623e-05,0.00499216
47.1822,-0.000267144,-8.78179e-05,0.00499209
47.2462,-0.000267172,-8.81034e-05,0.00499208
47.3103,-0.000268166,-9.06609e-05,0.00499198
47.3743,-0.000268999,-8.93855e-05,0.00499196
47.4381,-0.000268997,-8.8594e-05,0.00499197
47.5022,-0.000269884,-8.86212e-05,0.00499192
47.5664,-0.000269845,-8.77075e-05,0.00499194
47.6302,-0.000270731,-8.76932e-05,0.00499189
47.6943,-0.000270653,-8.5549e-05,0.00499194
47.7583,-0.000271651,-8.81163e-05,0.00499184
47.8222,-0.000271506,-8.44386e-05,0.00499191
47.886,-0.000272337,-8.35152e-05,0.00499188
47.95,-0.000272393,-8.44655e-05,0.00499186
48.0143,-0.000273217,-8.33862e-05,0.00499183
48.0781,-0.000273248,-8.37511e-05,0.00499183
48.1421,-0.000274084,-8.2952e-05,0.00499179
48.2063,-0.000274133,-8.37517e-05,0.00499178
48.2703,-0.000275057,-8.49464e-05,0.00499171
48.3341,-0.000274985,-8.33159e-05,0.00499174
48.398,-0.00027578,-8.12689e-05,0.00499173
48.462,-0.000275743,-8.04398e-05,0.00499174
48.5262,-0.000276654,-8.10061e-05,0.00499168
48.5901,-0.000276665,-8.12607e-05,0.00499168
48.6539,-0.00027746,-7.95563e-05,0.00499166
48.7182,-0.000277386,-7.75759e-05,0.0049917
48.7821,-0.000278353,-7.97325e-05,0.00499161
48.8459,-0.000278244,-7.72943e-05,0.00499165
48.9099,-0.000279125,-7.75119e-05,0.0049916
48.9739,-0.000279139,-7.75225e-05,0.0049916
49.038,-0.000280008,-7.74664e-05,0.00499155
49.1021,-0.000279999,-7.72621e-05,0.00499156
49.1658,-0.000280779,-7.52451e-05,0.00499154
49.23,-0.000280932,-7.86393e-05,0.00499148
49.2938,-0.000281875,-8.02509e-05,0.0049914
49.3579,-0.000281667,-7.56261e-05,0.00499149
49.4218,-0.000281733,-7.70824e-05,0.00499146
49.4857,-0.000281681,-7.59263e-05,0.00499148
49.5499,-0.000282607,-7.71387e-05,0.00499141
49.614,-0.000282704,-7.93077e-05,0.00499137
49.6777,-0.000282554,-7.62658e-05,0.00499143
49.742,-0.000282643,-7.82456e-05,0.00499139
49.8059,-0.000282678,-7.90266e-05,0.00499138
49.8698,-0.000282553,-7.62401e-05,0.00499143
49.9338,-0.000282548,-7.64272e-05,0.00499143
49.9977,-0.000282531,-7.60573e-05,0.00499143
50.0617,-0.000283462,-7.7382e-05,0.00499136
50.1256,-0.000283458,-7.76131e-05,0.00499136
50.1896,-0.000283383,-7.59078e-05,0.00499139
50.254,-0.000284324,-7.74939e-05,0.00499131
50.3178,-0.000284205,-7.48213e-05,0.00499136
50.3815,-0.000284116,-7.31001e-05,0.00499139
50.4458,-0.000285028,-7.40241e-05,0.00499132
50.5097,-0.000284993,-7.32379e-05,0.00499133
50.5735,-0.000285867,-7.35745e-05,0.00499128
50.6375,-0.000285759,-7.11244e-05,0.00499132
50.7016,-0.000285751,-7.09522e-05,0.00499132
50.7658,-0.000286732,-7.37384e-05,0.00499123
50.8298,-0.000286613,-7.10143e-05,0.00499127
50.8935,-0.000287442,-7.00584e-05,0.00499124
50.9575,-0.00028739,-6.9148e-05,0.00499125
51.0216,-0.000287368,-6.86598e-05,0.00499126
51.0855,-0.000288317,-7.04361e-05,0.00499118
51.1495,-0.000288203,-6.78387e-05,0.00499123
51.2134,-0.00028825,-6.91818e-05,0.0049912
51.2774,-0.000289,-6.64058e-05,0.0049912
51.3416,-0.000288913,-6.44164e-05,0.00499123
51.4055,-0.000288989,-6.61425e-05,0.0049912
51.4695,-0.000289834,-6.55437e-05,0.00499116
51.5334,-0.000289822,-6.52832e-05,0.00499117
51.5973,-0.00028991,-6.70243e-05,0.00499114
51.6613,-0.0002899,-6.67953e-05,0.00499114
51.7255,-0.000290807,-6.7617e-05,0.00499108
51.7894,-0.000290742,-6.61325e-05,0.0049911
51.8533,-0.000290769,-6.67488e-05,0.00499109
51.9174,-0.00029078,-6.70101e-05,0.00499109
51.9813,-0.000291599,-6.55606e-05,0.00499106
52.0454,-0.000291677,-6.73288e-05,0.00499103
52.1092,-0.00029167,-6.69048e-05,0.00499104
52.1733,-0.000291617,-6.56924e-05,0.00499106
52.2372,-0.00029255,-6.68315e-05,0.00499099
52.3012,-0.000292569,-6.72643e-05,0.00499098
52.3652,-0.000293453,-6.72982e-05,0.00499093
52.4293,-0.000293462,-6.72426e-05,0.00499093
52.4933,-0.000294426,-6.93083e-05,0.00499084
52.5571,-0.000295027,-6.30286e-05,0.00499089
52.6211,-0.000295098,-6.43596e-05,0.00499087
52.6852,-0.000296077,-6.64949e-05,0.00499078
52.7492,-0.000297081,-6.91779e-05,0.00499069
52.8132,-0.000297082,-6.89285e-05,0.00499069
52.8772,-0.000298079,-7.14248e-05,0.0049906
52.9413,-0.000298957,-7.13028e-05,0.00499055
53.0051,-0.000299788,-6.99109e-05,0.00499051
53.0691,-0.000300838,-7.35082e-05,0.0049904
53.1331,-0.000300834,-7.31521e-05,0.00499041
53.1971,-0.000301791,-7.47143e-05,0.00499032
53.2611,-0.000302747,-7.62583e-05,0.00499024
53.3251,-0.000302677,-7.4495e-05,0.00499027
53.3889,-0.000303632,-7.60005e-05,0.00499019
53.4531,-0.000303573,-7.44667e-05,0.00499022
53.5171,-0.000304495,-7.52658e-05,0.00499015
53.5809,-0.000304619,-7.76001e-05,0.00499011
53.645,-0.000305451,-7.64952e-05,0.00499007
53.709,-0.000305575,-7.90951e-05,0.00499003
53.773,-0.000305519,-7.76465e-05,0.00499005
53.837,-0.000305513,-7.72412e-05,0.00499006
53.901,-0.000305654,-7.98658e-05,0.00499001
53.9649,-0.000305638,-7.92605e-05,0.00499002
54.0289,-0.000305754,-8.1352e-05,0.00498998
54.0929,-0.000305771,-8.14137e-05,0.00498998
54.1569,-0.000306658,-8.14623e-05,0.00498992
54.2209,-0.000306726,-8.25443e-05,0.0049899
54.285,-0.000306787,-8.34985e-05,0.00498988
54.3491,-0.000306851,-8.45017e-05,0.00498986
54.4128,-0.000306784,-8.28497e-05,0.00498989
54.4768,-0.000306878,-8.44548e-05,0.00498986
54.5408,-0.000307053,-8.7345e-05,0.0049898
54.6048,-0.000307089,-8.77573e-05,0.00498979
54.669,-0.000307276,-9.11636e-05,0.00498972
54.733,-0.000307299,-9.13023e-05,0.00498971
54.7967,-0.000307086,-8.68106e-05,0.00498981
54.8608,-0.000308204,-9.13518e-05,0.00498966
54.9249,-0.000308216,-9.12713e-05,0.00498966
54.9887,-0.00030832,-9.30045e-05,0.00498962
55.0527,-0.000308363,-9.32065e-05,0.00498961
55.1166,-0.000308358,-9.28002e-05,0.00498962
55.1806,-0.000308487,-9.49726e-05,0.00498957
55.2446,-0.000308558,-9.60068e-05,0.00498955
55.3086,-0.000308634,-9.71385e-05,0.00498952
55.3727,-0.000309672,-0.000100018,0.0049894
55.4368,-0.000309503,-9.64736e-05,0.00498948
55.5006,-0.000309631,-9.82449e-05,0.00498944
55.5647,-0.000309699,-9.92027e-05,0.00498941
55.6288,-0.000309753,-9.98985e-05,0.0049894
55.6926,-0.000309771,-0.000100239,0.00498939
55.7566,-0.000309806,-0.000100556,0.00498938
55.8207,-0.000310837,-0.00010322,0.00498926
55.8844,-0.000310729,-0.000100885,0.00498932
55.9484,-0.000310744,-0.000101157,0.00498931
56.0124,-0.000310791,-0.000101695,0.0049893
56.0767,-0.000311666,-0.000101462,0.00498925
56.1407,-0.000311733,-0.000102695,0.00498922
56.2045,-0.000311652,-0.000100863,0.00498926
56.2687,-0.000312531,-0.000101014,0.0049892
56.3325,-0.000312548,-0.00010101,0.0049892
56.3963,-0.000312395,-9.82004e-05,0.00498927
56.4604,-0.000313265,-9.81975e-05,0.00498921
56.5246,-0.000313301,-9.85281e-05,0.0049892
56.5884,-0.000313133,-9.54562e-05,0.00498927
56.6524,-0.000313126,-9.53309e-05,0.00498927
56.7163,-0.000313974,-9.49154e-05,0.00498923
56.7804,-0.000313953,-9.42278e-05,0.00498924
56.8443,-0.000314036,-9.57544e-05,0.00498921
56.9083,-0.000313847,-9.2306e-05,0.00498929
56.9724,-0.000313934,-9.38854e-05,0.00498925
57.0365,-0.000313805,-9.15449e-05,0.0049893
57.1002,-0.000313689,-8.94325e-05,0.00498935
57.1642,-0.000313675,-8.91789e-05,0.00498935
57.2282,-0.000313564,-8.71501e-05,0.0049894
57.2922,-0.000312699,-8.69765e-05,0.00498945
57.3562,-0.000312756,-8.80124e-05,0.00498943
57.4203,-0.000312652,-8.61202e-05,0.00498947
57.4842,-0.000312657,-8.62129e-05,0.00498947
57.5483,-0.000312451,-8.24822e-05,0.00498955
57.6121,-0.000312529,-8.38953e-05,0.00498952
57.6761,-0.000312422,-8.195e-05,0.00498956
57.7402,-0.00031235,-8.03939e-05,0.00498959
57.8042,-0.000312282,-7.91815e-05,0.00498961
57.8684,-0.000313274,-8.13671e-05,0.00498951
57.9322,-0.000313217,-8.03261e-05,0.00498953
57.996,-0.000313097,-7.81643e-05,0.00498958
58.0602,-0.000313066,-7.76101e-05,0.00498959
58.1242,-0.000313048,-7.72798e-05,0.00498959
58.188,-0.000312904,-7.46805e-05,0.00498964
58.252,-0.000312919,-7.49546e-05,0.00498964
58.316,-0.000313644,-7.2328e-05,0.00498963
58.3802,-0.000313738,-7.40223e-05,0.0049896
58.4442,-0.000313633,-7.19114e-05,0.00498964
58.5079,-0.000313469,-6.89637e-05,0.00498969
58.572,-0.000313582,-7.09909e-05,0.00498965
58.6361,-0.000313417,-6.80254e-05,0.0049897
58.6998,-0.000313386,-6.72594e-05,0.00498972
58.7638,-0.000313341,-6.64475e-05,0.00498973
58.8278,-0.000313271,-6.52018e-05,0.00498975
58.8921,-0.000313335,-6.6349e-05,0.00498973
58.956,-0.000313246,-6.45468e-05,0.00498976
59.0198,-0.000313253,-6.46757e-05,0.00498976
59.0839,-0.000313237,-6.43967e-05,0.00498976
59.148,-0.000313117,-6.20543e-05,0.0049898
59.2118,-0.000313073,-6.12858e-05,0.00498981
59.2759,-0.000313059,-6.08362e-05,0.00498982
59.34,-0.000313037,-6.04613e-05,0.00498982
59.4038,-0.000313009,-5.9775e-05,0.00498983
59.4678,-0.000312957,-5.88511e-05,0.00498985
59.5318,-0.000312988,-5.92162e-05,0.00498984
59.5959,-0.000312855,-5.68927e-05,0.00498988
59.66,-0.000312932,-5.8067e-05,0.00498986
59.7238,-0.00031294,-5.80274e-05,0.00498986
59.788,-0.000312851,-5.64716e-05,0.00498988
59.8519,-0.000312942,-5.78735e-05,0.00498986
59.9157,-0.000312799,-5.53901e-05,0.0049899
59.9801,-0.000312714,-5.37472e-05,0.00498992
60.0438,-0.00031384,-5.79963e-05,0.0049898
60.1077,-0.000313741,-5.61201e-05,0.00498983
60.1717,-0.000313684,-5.49726e-05,0.00498985
60.2357,-0.000313714,-5.5315e-05,0.00498984
60.2998,-0.000313913,-5.85613e-05,0.00498979
60.3638,-0.000314727,-5.74165e-05,0.00498975
60.4276,-0.000314746,-5.7573e-05,0.00498975
60.492,-0.000314796,-5.80709e-05,0.00498974
60.5558,-0.000314769,-5.74397e-05,0.00498975
60.6196,-0.000314795,-5.77186e-05,0.00498975
60.6836,-0.000314788,-5.74336e-05,0.00498975
60.7477,-0.000315718,-5.80767e-05,0.00498968
60.8119,-0.000315816,-5.95442e-05,0.00498966
60.8756,-0.000315836,-5.9698e-05,0.00498966
60.9395,-0.00031571,-5.74532e-05,0.00498969
61.0037,-0.000315816,-5.88536e-05,0.00498967
61.0676,-0.000315928,-6.05314e-05,0.00498964
61.1315,-0.000314947,-5.85589e-05,0.00498973
61.1954,-0.000315087,-6.06678e-05,0.00498969
61.2595,-0.000315114,-6.09308e-05,0.00498969
61.3235,-0.000315113,-6.05725e-05,0.00498969
61.3875,-0.000315263,-6.28216e-05,0.00498966
61.4515,-0.000314269,-6.06607e-05,0.00498975
61.5156,-0.000314494,-6.39282e-05,0.00498969
61.5797,-0.000314555,-6.47173e-05,0.00498968
61.6434,-0.000313616,-6.32799e-05,0.00498975
61.7074,-0.000313701,-6.44485e-05,0.00498973
61.7714,-0.000312845,-6.45052e-05,0.00498979
61.8354,-0.000312912,-6.53713e-05,0.00498977
61.8994,-0.000312022,-6.49003e-05,0.00498983
61.9634,-0.000311967,-6.36901e-05,0.00498985
62.0275,-0.00031224,-6.77661e-05,0.00498978
62.0916,-0.00031108,-6.30927e-05,0.00498991
62.1554,-0.000311139,-6.38325e-05,0.0049899
62.2193,-0.000311268,-6.56477e-05,0.00498987
62.2833,-0.000310175,-6.1895e-05,0.00498999
62.3473,-0.000310382,-6.49005e-05,0.00498993
62.4113,-0.000310254,-6.2768e-05,0.00498997
62.4754,-0.00031041,-6.49754e-05,0.00498993
62.5394,-0.000310587,-6.76735e-05,0.00498989
62.6034,-0.000309561,-6.49693e-05,0.00498999
62.6672,-0.000309528,-6.44693e-05,0.00498999
62.7314,-0.000309452,-6.31547e-05,0.00499002
62.7954,-0.000309534,-6.42126e-05,0.00499
62.8592,-0.000309516,-6.37804e-05,0.00499
62.9232,-0.000309518,-6.38115e-05,0.00499
62.9873,-0.00030944,-6.24693e-05,0.00499002
63.0514,-0.000309439,-6.22971e-05,0.00499003
63.1154,-0.000309379,-6.1392e-05,0.00499004
63.1792,-0.00030936,-6.09555e-05,0.00499005
63.2433,-0.00030926,-5.93182e-05,0.00499007
63.3073,-0.000309419,-6.16677e-05,0.00499004
63.3712,-0.000309039,-5.58871e-05,0.00499013
63.435,-0.000308968,-5.4842e-05,0.00499014
63.499,-0.000309075,-5.62793e-05,0.00499012
63.5633,-0.00030913,-5.69465e-05,0.00499011
63.6273,-0.000309274,-5.89065e-05,0.00499008
63.6911,-0.000309228,-5.82394e-05,0.00499009
63.7555,-0.00030929,-5.89881e-05,0.00499008
63.8193,-0.000309319,-5.92647e-05,0.00499007
63.883,-0.000309169,-5.70734e-05,0.00499011
63.947,-0.000309176,-5.7026e-05,0.00499011
64.011,-0.000310134,-5.81606e-05,0.00499003
64.075,-0.000310029,-5.66309e-05,0.00499006
64.139,-0.000310118,-5.777e-05,0.00499004
64.2029,-0.000310009,-5.60452e-05,0.00499007
64.2671,-0.000309123,-5.5829e-05,0.00499012
64.3309,-0.000309142,-5.59716e-05,0.00499012
64.3949,-0.000309148,-5.59142e-05,0.00499012
64.459,-0.000309228,-5.70691e-05,0.0049901
64.5228,-0.000309177,-5.61828e-05,0.00499012
64.5868,-0.000309265,-5.73029e-05,0.0049901
64.6508,-0.0003093,-5.76621e-05,0.00499009
64.7148,-0.000309295,-5.7453e-05,0.00499009
64.7788,-0.000309284,-5.72867e-05,0.0049901
64.8426,-0.000309403,-5.86929e-05,0.00499007
64.9067,-0.000309333,-5.77061e-05,0.00499009
64.9709,-0.000309482,-5.96636e-05,0.00499006
65.0349,-0.000309517,-6.00219e-05,0.00499005
65.0987,-0.000309458,-5.90307e-05,0.00499007
65.1627,-0.000309519,-5.95966e-05,0.00499005
65.2267,-0.000309555,-5.99589e-05,0.00499005
65.2907,-0.000309678,-6.16737e-05,0.00499002
65.3546,-0.00030965,-6.11432e-05,0.00499003
65.4186,-0.000309825,-6.34259e-05,0.00498999
65.4829,-0.000309846,-6.35557e-05,0.00498999
65.5469,-0.000310016,-6.57589e-05,0.00498995
65.6106,-0.000310003,-6.54246e-05,0.00498995
65.6747,-0.000309141,-6.53908e-05,0.00499001
65.7387,-0.000309285,-6.73746e-05,0.00498997
65.8025,-0.000309086,-6.43207e-05,0.00499002
65.8666,-0.000309303,-6.71388e-05,0.00498997
65.9305,-0.000309358,-6.78854e-05,0.00498996
65.9946,-0.000310137,-6.647e-05,0.00498993
66.0586,-0.000310253,-6.79007e-05,0.0049899
66.1224,-0.000310365,-6.90863e-05,0.00498988
66.1867,-0.000310591,-7.19892e-05,0.00498982
66.2507,-0.000310744,-7.38848e-05,0.00498979
66.3144,-0.000310676,-7.27997e-05,0.00498981
66.3787,-0.00031183,-7.64277e-05,0.00498968
66.4426,-0.000311741,-7.50645e-05,0.00498971
66.5065,-0.000311767,-7.52285e-05,0.0049897
66.5707,-0.000311865,-7.61807e-05,0.00498968
66.6345,-0.000311867,-7.60343e-05,0.00498969
66.6983,-0.000312122,-7.92432e-05,0.00498962
66.7624,-0.000312134,-7.92234e-05,0.00498962
66.8264,-0.000312186,-7.97284e-05,0.00498961
66.8904,-0.000312282,-8.08075e-05,0.00498958
66.9544,-0.000312162,-7.886e-05,0.00498962
67.0183,-0.000312354,-8.1188e-05,0.00498957
67.0825,-0.000312421,-8.18808e-05,0.00498956
67.1465,-0.00031245,-8.189e-05,0.00498956
67.2103,-0.000312612,-8.37994e-05,0.00498951
67.2743,-0.000312557,-8.28992e-05,0.00498953
67.3385,-0.000312688,-8.44094e-05,0.0049895
67.4023,-0.000312737,-8.46582e-05,0.00498949
67.4664,-0.000312709,-8.39168e-05,0.00498951
67.5305,-0.00031294,-8.6687e-05,0.00498944
67.5942,-0.000312617,-8.23787e-05,0.00498954
67.6586,-0.000312806,-8.44082e-05,0.00498949
67.7222,-0.000312994,-8.64106e-05,0.00498945
67.7864,-0.000313118,-8.77795e-05,0.00498941
67.8505,-0.000313236,-8.88835e-05,0.00498939
67.9142,-0.00031318,-8.7977e-05,0.00498941
67.9783,-0.00030949,-9.05112e-05,0.00492538
68.0424,-0.000306396,-8.98649e-05,0.00486139
68.1062,-0.00030226,-8.67633e-05,0.00479779
68.1702,-0.000298392,-8.73445e-05,0.00473389
68.2343,-0.000294419,-8.65736e-05,0.00466983
68.2981,-0.000290362,-8.45041e-05,0.00460618
68.3622,-0.000286419,-8.40035e-05,0.00454228
68.426,-0.000282463,-8.32356e-05,0.00447854
68.4902,-0.000278623,-8.42523e-05,0.00441448
68.5542,-0.000275175,-8.0582e-05,0.00435059
68.618,-0.000271125,-7.89708e-05,0.00428691
68.6821,-0.000267293,-7.99994e-05,0.00422293
68.7462,-0.00026302,-7.57622e-05,0.00415906
68.8099,-0.000258869,-7.2927e-05,0.00409549
68.874,-0.000255125,-7.50072e-05,0.00403147
68.9382,-0.00025114,-7.44616e-05,0.00396743
69.002,-0.000247104,-7.28923e-05,0.00390377
69.066,-0.000243581,-6.96291e-05,0.00383992
69.1298,-0.000239742,-7.07137e-05,0.00377615
69.1941,-0.000235704,-6.95861e-05,0.00371206
69.2581,-0.000231645,-6.82483e-05,0.00364814
69.3218,-0.000227536,-6.59081e-05,0.00358465
69.386,-0.000224237,-6.63519e-05,0.00352053
69.4501,-0.000220282,-6.6272e-05,0.00345652
69.5138,-0.000216095,-6.3362e-05,0.00339298
69.5778,-0.000212111,-6.29926e-05,0.00332911
69.642,-0.000208634,-6.19161e-05,0.00326503
69.7058,-0.000204506,-5.99091e-05,0.00320138
69.7699,-0.000200468,-5.91578e-05,0.00313737
69.8337,-0.000196862,-5.68754e-05,0.00307372
69.8979,-0.000193032,-5.86749e-05,0.00300957
69.9618,-0.000188953,-5.7453e-05,0.00294579
70.0257,-0.000184783,-5.50305e-05,0.00288214
70.0898,-0.00018132,-5.53704e-05,0.00281807
70.1537,-0.000177248,-5.43731e-05,0.00275427
70.2177,-0.000173171,-5.33338e-05,0.00269046
70.2818,-0.000169127,-5.2659e-05,0.00262651
70.3458,-0.000164979,-5.09114e-05,0.00256261
70.4096,-0.000160892,-4.96459e-05,0.002499
70.4736,-0.000156792,-4.84143e-05,0.00243513
70.5378,-0.000153268,-4.91206e-05,0.00237099
70.6016,-0.000149088,-4.69088e-05,0.00230734
70.6656,-0.000144893,-4.47713e-05,0.00224349
70.7296,-0.000140803,-4.36945e-05,0.00217964
70.7938,-0.00013675,-4.32581e-05,0.00211556
70.8577,-0.000133021,-4.22643e-05,0.00205176
70.9215,-0.000128908,-4.09356e-05,0.00198812
70.9856,-0.000124679,-3.86163e-05,0.00192423
71.0497,-0.000120559,-3.75438e-05,0.00186024
71.1135,-0.000116728,-3.5895e-05,0.0017966
71.1778,-0.00011259,-3.48435e-05,0.00173248
71.2416,-0.000108522,-3.42173e-05,0.00166875
71.3054,-0.000104238,-3.13219e-05,0.00160511
71.3694,-0.000100427,-3.07241e-05,0.00154124
71.4334,-9.62773e-05,-2.95166e-05,0.00147738
71.4976,-9.21667e-05,-2.87781e-05,0.00141335
71.5615,-8.7993e-05,-2.72782e-05,0.00134957
71.6253,-8.40053e-05,-2.5302e-05,0.0012859
71.6895,-7.98876e-05,-2.46711e-05,0.00122188
71.7537,-7.56898e-05,-2.32366e-05,0.00115782
71.8174,-7.1504e-05,-2.15573e-05,0.00109433
71.8814,-6.75374e-05,-2.04845e-05,0.00103047
71.9454,-6.33097e-05,-1.8755e-05,0.000966596
72.0094,-5.91307e-05,-1.75289e-05,0.000902725
72.0733,-5.49639e-05,-1.63226e-05,0.000839023
72.1373,-5.07672e-05,-1.49069e-05,0.000775178
72.2015,-4.65865e-05,-1.38389e-05,0.000711059
72.2656,-4.23757e-05,-1.23155e-05,0.000647174
72.3292,-3.81811e-05,-1.07276e-05,0.00058365
72.3934,-3.40179e-05,-9.77938e-06,0.000519668
72.4575,-2.97976e-05,-8.22389e-06,0.000455703
72.5213,-2.56472e-05,-7.18456e-06,0.000392046
72.5854,-2.14517e-05,-5.89994e-06,0.000328066
72.6494,-1.72783e-05,-4.75779e-06,0.000264219
72.7132,-1.3114e-05,-3.56983e-06,0.000200592
72.7772,-8.93862e-06,-2.44921e-06,0.000136701
72.8412,-4.77634e-06,-1.30709e-06,7.28443e-05
72.9051,-5.99728e-07,-1.63751e-07,9.14661e-06
72.9691,0,0,0
73.0331,0,0,0
73.0973,0,0,0
73.1613,0,0,0
73.2251,0,0,0
73.2892,0,0,0
73.3532,0,0,0
73.417,0,0,0
73.481,0,0,0
73.5452,0,0,0
73.609,0,0,0
73.673,0,0,0
73.737,0,0,0
73.8011,0,0,0
73.8652,0,0,0
73.9289,0,0,0
73.993,0,0,0
74.0571,6.35575e-05,-6.3887e-06,4.07666e-06
74.1209,0.000126997,-1.27655e-05,8.14574e-06
74.185,0.000190635,-1.91623e-05,1.22276e-05
74.249,0.000254184,-2.55501e-05,1.63037e-05
74.3129,0.00031757,-3.19216e-05,2.0425e-05
74.3768,0.000381085,-3.8306e-05,2.45101e-05
74.4409,0.000444654,-4.46959e-05,2.85986e-05
74.5051,0.000508418,-5.11054e-05,3.26997e-05
74.569,0.000571873,-5.7383e-05,3.67809e-05
74.6329,0.000635325,-6.37498e-05,4.08619e-05
74.697,0.00069904,-7.01432e-05,4.49599e-05
74.7611,0.000762643,-7.63908e-05,4.90506e-05
74.8249,0.000825974,-8.27343e-05,5.31238e-05
74.8889,0.000889593,-8.895e-05,5.72156e-05
74.9529,0.000953159,-9.51379e-05,6.13039e-05
75.0168,0.00101662,-0.000101292,6.53852e-05
75.0807,0.00108009,-0.000107426,6.94675e-05
75.1448,0.00114381,-0.000113361,7.35659e-05
75.2086,0.00120721,-0.000119432,7.76436e-05
75.2726,0.00127083,-0.000125278,8.1513e-05
75.3367,0.00133449,-0.000131083,8.5596e-05
75.4009,0.00139828,-0.000137102,8.96875e-05
75.4649,0.00146195,-0.000142573,9.37715e-05
75.5286,0.00152525,-0.000148208,9.75639e-05
75.5929,0.00158924,-0.000153866,0.000101657
75.6569,0.00165283,-0.000159441,0.000105725
75.7206,0.0017162,-0.000164646,0.000109478
75.7847,0.00177993,-0.00016982,0.000113543
75.8487,0.00184365,-0.000175251,0.000117608
75.9126,0.00190717,-0.000180281,0.000121326
75.9766,0.00197093,-0.000185267,0.000125382
76.0405,0.00203447,-0.000190523,0.000129068
76.1047,0.0020984,-0.000195402,0.000133123
76.1687,0.00216209,-0.00019981,0.000137164
76.2325,0.00222568,-0.000204511,0.000140808
76.2966,0.00228945,-0.000209162,0.000144842
76.3606,0.00235324,-0.000213334,0.000148878
76.4244,0.00241684,-0.000217398,0.000152478
76.4885,0.00248061,-0.000221825,0.000156501
76.5525,0.00254442,-0.000225741,0.000160527
76.6164,0.00260811,-0.000230015,0.000164545
76.6803,0.00267176,-0.000234218,0.000168561
76.7446,0.00273586,-0.000237913,0.000172125
76.8083,0.00279935,-0.000241466,0.00017612
76.8723,0.00286315,-0.000244955,0.000180134
76.9363,0.00292696,-0.00024887,0.000184148
77.0006,0.002991,-0.000252212,0.000188177
77.0645,0.00305489,-0.000254915,0.000191662
77.1284,0.00311849,-0.000258579,0.000195652
77.1923,0.0031823,-0.000261633,0.000199656
77.2565,0.00324636,-0.000264618,0.000203675
77.3203,0.00330989,-0.000268052,0.000207661
77.3842,0.00337378,-0.000270263,0.000211669
77.4483,0.00343767,-0.000272965,0.000215677
77.5123,0.00350153,-0.000276192,0.000219071
77.5762,0.0035653,-0.000278717,0.00022306
77.6403,0.00362925,-0.000281804,0.000227061
77.7043,0.00369317,-0.000284174,0.000231061
77.7684,0.00375716,-0.0002858,0.000235064
77.8322,0.00382084,-0.000288632,0.000239048
77.8963,0.00388478,-0.000290734,0.000243048
77.9604,0.00394873,-0.000293442,0.000247049
78.0241,0.00401238,-0.000294651,0.000251032
78.0881,0.0040763,-0.000297199,0.000255031
78.1523,0.00414035,-0.000298963,0.000259038
78.216,0.00420401,-0.000301348,0.000263021
78.2801,0.00426795,-0.000303684,0.000267021
78.3441,0.00433182,-0.000305189,0.000271017
78.4083,0.00439591,-0.000307392,0.000275797
78.4722,0.00445967,-0.000309504,0.000279797
78.536,0.00452334,-0.000311543,0.000283792
78.6001,0.00458736,-0.000313539,0.000287808
78.6641,0.00465124,-0.000315459,0.000291816
78.7279,0.00471487,-0.000318121,0.000295808
78.792,0.00477886,-0.000319925,0.000299823
78.8561,0.00484277,-0.000322505,0.000304681
78.9199,0.00490641,-0.000325023,0.000308685
78.9842,0.00497053,-0.000327528,0.000312719
79.0479,0.00497949,-0.000326373,0.000313283
79.1119,0.00497955,-0.000325504,0.000313287
79.1759,0.0049796,-0.000324635,0.00031329
79.2399,0.00497972,-0.000322897,0.000313297
79.3041,0.00497972,-0.000322897,0.000313297
79.3681,0.00497977,-0.000322027,0.000313301
79.4318,0.00497983,-0.000321158,0.000313304
79.4959,0.00497983,-0.000321158,0.000313304
79.5601,0.00497988,-0.000320289,0.000313308
79.6239,0.00497988,-0.000320289,0.000313308
79.6879,0.00497988,-0.000320289,0.000313308
79.7517,0.00497983,-0.000320286,0.000314177
79.816,0.00497983,-0.000320286,0.000314177
79.8798,0.00497983,-0.000320286,0.000314177
79.9438,0.00497983,-0.000320286,0.000314177
80.0078,0.00497972,-0.000321151,0.000315043
80.0717,0.00497972,-0.000321151,0.000315043
80.1357,0.00497972,-0.000321151,0.000315043
80.1997,0.00497961,-0.000322017,0.000315908
80.2637,0.00497955,-0.000322886,0.000315905
80.3277,0.00497944,-0.000323752,0.00031677
80.3917,0.00497939,-0.000324621,0.000316767
80.4557,0.00497939,-0.000324621,0.000316767
80.5197,0.00497927,-0.000325486,0.000317632
80.5836,0.00497916,-0.000327224,0.000317625
80.6476,0.00497905,-0.00032809,0.00031849
80.7116,0.00497899,-0.000328959,0.000318487
80.7755,0.00497888,-0.000329824,0.000319352
80.8396,0.00497882,-0.000330693,0.000319348
80.9037,0.00497865,-0.000332427,0.00032021
80.9677,0.00497859,-0.000333296,0.000320206
81.0315,0.00497848,-0.000334161,0.000321071
81.0955,0.00497836,-0.000335899,0.000321064
81.1595,0.00497825,-0.000336764,0.000321929
81.2235,0.00497807,-0.000338498,0.00032279
81.2876,0.00497796,-0.000340236,0.000322782
81.3516,0.00497784,-0.000341101,0.000323647
81.4157,0.00497772,-0.000342838,0.00032364
81.4796,0.00497755,-0.000344572,0.000324501
81.5434,0.00497743,-0.00034631,0.000324493
81.6074,0.00497725,-0.000348043,0.000325354
81.6714,0.00497719,-0.000348912,0.00032535
81.7355,0.00497701,-0.000350645,0.000326211
81.7995,0.00497695,-0.000351514,0.000326207
81.8633,0.00497677,-0.000353247,0.000327067
81.9275,0.00497665,-0.000354984,0.000327059
81.9916,0.00497653,-0.000355849,0.000327924
82.0554,0.00497647,-0.000356718,0.000327919
82.1193,0.00497634,-0.000358455,0.000327911
82.1834,0.00497622,-0.000359319,0.000328776
82.2474,0.00497616,-0.000360188,0.000328772
82.3116,0.0049761,-0.000361056,0.000328767
82.3753,0.00497604,-0.000361925,0.000328763
82.4395,0.00497597,-0.000362793,0.000328759
82.5035,0.00497591,-0.000363662,0.000328755
82.5673,0.00497591,-0.000363662,0.000328755
82.6313,0.00497579,-0.000364526,0.000329619
82.6953,0.00497579,-0.000364526,0.000329619
82.7595,0.00497573,-0.000365394,0.000329615
82.8235,0.00497573,-0.000365394,0.000329615
82.8873,0.00497573,-0.000365394,0.000329615
82.9514,0.00497573,-0.000365394,0.000329615
83.0154,0.00497579,-0.000364526,0.000329619
83.0792,0.00497579,-0.000364526,0.000329619
83.1432,0.00497579,-0.000364526,0.000329619
83.2071,0.00497585,-0.000363657,0.000329623
83.2711,0.00497586,-0.000362785,0.000330496
83.3351,0.00497586,-0.000362785,0.000330496
83.3991,0.00497592,-0.000361916,0.0003305
83.4634,0.00497598,-0.000361048,0.000330504
83.5272,0.00497605,-0.000360179,0.000330509
83.5911,0.00497611,-0.000359311,0.000330513
83.655,0.00497617,-0.000358442,0.000330517
83.719,0.00497629,-0.000357578,0.000329653
83.783,0.00497635,-0.000356709,0.000329657
83.847,0.00497641,-0.000355841,0.000329661
83.911,0.00497648,-0.000354972,0.000329665
83.9752,0.00497654,-0.000354104,0.000329669
84.0392,0.00497666,-0.000352366,0.000329677
84.1031,0.00497678,-0.000351502,0.000328812
84.1673,0.0049769,-0.000349765,0.00032882
84.2312,0.00497696,-0.000348896,0.000328825
84.2949,0.00497702,-0.000348027,0.000328829
84.3589,0.0049772,-0.000346294,0.000327968
84.4228,0.00497726,-0.000345425,0.000327972
84.4871,0.00497744,-0.000343692,0.000327111
84.5511,0.0049775,-0.000342823,0.000327115
84.615,0.00497761,-0.000341958,0.00032625
84.6791,0.00497767,-0.000341089,0.000326254
84.7432,0.00497785,-0.000339356,0.000325393
84.8069,0.00497791,-0.000338487,0.000325397
84.8709,0.00497796,-0.000337618,0.0003254
84.9347,0.00497808,-0.000336753,0.000324535
84.9989,0.00497814,-0.000335884,0.000324539
85.063,0.00497825,-0.000335019,0.000323674
85.1267,0.00497831,-0.00033415,0.000323678
85.191,0.00497837,-0.000333281,0.000323682
85.255,0.00497843,-0.000332412,0.000323686
85.3188,0.00497854,-0.000331547,0.00032282
85.3828,0.0049786,-0.000330678,0.000322824
85.4467,0.00497866,-0.000329809,0.000322828
85.5107,0.00497877,-0.000328944,0.000321963
85.5747,0.00497877,-0.000328944,0.000321963
85.6387,0.00497883,-0.000328075,0.000321966
85.7029,0.00497894,-0.00032721,0.000321101
85.7668,0.00497894,-0.00032721,0.000321101
85.8307,0.004979,-0.000326341,0.000321105
85.8948,0.004979,-0.000326341,0.000321105
85.9589,0.004979,-0.000326341,0.000321105
86.0226,0.004979,-0.000326341,0.000321105
86.0868,0.00497905,-0.000326344,0.000320236
86.1508,0.00497905,-0.000326344,0.000320236
86.2146,0.00497905,-0.000326344,0.000320236
86.2785,0.00497905,-0.000326344,0.000320236
86.3425,0.00497905,-0.000326344,0.000320236
86.4065,0.00497899,-0.000327213,0.000320232
86.4705,0.00497899,-0.000327213,0.000320232
86.5345,0.00497899,-0.000327213,0.000320232
86.5986,0.00497899,-0.000327213,0.000320232
86.6627,0.00497894,-0.000328082,0.000320228
86.7264,0.00497894,-0.000328082,0.000320228
86.7905,0.00497894,-0.000328955,0.000319356
86.8547,0.00497894,-0.000328955,0.000319356
86.9184,0.00497888,-0.000329824,0.000319352
86.9824,0.00497893,-0.000329828,0.000318483
87.0465,0.00497888,-0.000330697,0.000318479
87.1105,0.00497893,-0.0003307,0.00031761
87.1745,0.00497887,-0.000331569,0.000317607
87.2383,0.00497887,-0.000331569,0.000317607
87.3027,0.00497887,-0.000332442,0.000316734
87.3666,0.00497887,-0.000332442,0.000316734
87.4303,0.00497881,-0.000333311,0.00031673
87.4943,0.00497887,-0.000333315,0.000315861
87.5586,0.00497881,-0.000334184,0.000315858
87.6223,0.00497881,-0.000334184,0.000315858
87.6863,0.00497875,-0.000335053,0.000315854
87.7503,0.00497869,-0.000335922,0.00031585
87.8143,0.00497869,-0.000335922,0.00031585
87.8781,0.00497869,-0.000336794,0.000314977
87.9422,0.00497863,-0.000337663,0.000314974
88.0064,0.00497863,-0.000337663,0.000314974
88.0703,0.00497857,-0.000338532,0.00031497
88.1342,0.00497851,-0.000339401,0.000314966
88.1983,0.00497851,-0.000339401,0.000314966
88.2623,0.00497846,-0.00034027,0.000314963
88.3262,0.00497845,-0.000341143,0.00031409
88.3903,0.00497845,-0.000341143,0.00031409
88.4543,0.00497839,-0.000342012,0.000314086
88.5181,0.00497833,-0.00034288,0.000314082
88.5821,0.00497833,-0.000343753,0.00031321
88.6461,0.00497827,-0.000344622,0.000313206
88.7103,0.00497827,-0.000344622,0.000313206
88.7742,0.00497826,-0.000345495,0.000312333
88.8381,0.0049782,-0.000346364,0.00031233
88.9023,0.0049782,-0.000346364,0.00031233
88.9663,0.00497814,-0.000347232,0.000312326
89.0301,0.00497819,-0.000347236,0.000311457
89.0941,0.00497813,-0.000348105,0.000311453
89.1582,0.00497813,-0.000348105,0.000311453
89.2219,0.00497813,-0.000348978,0.00031058
89.2859,0.00497813,-0.000348978,0.00031058
89.3499,0.00497812,-0.00034985,0.000309708
89.4142,0.00497817,-0.000349854,0.000308839
89.478,0.00497817,-0.000349854,0.000308839
89.5419,0.00497817,-0.000350727,0.000307966
89.6061,0.00497822,-0.000350731,0.000307097
89.6702,0.00497822,-0.000350731,0.000307097
89.7338,0.00497821,-0.000351603,0.000306225
89.7979,0.00497827,-0.000351607,0.000305356
89.8621,0.00497827,-0.000351607,0.000305356
89.9259,0.00497832,-0.000351611,0.000304487
89.9899,0.00497837,-0.000351614,0.000303618
90.0537,0.00497837,-0.000351614,0.000303618
90.118,0.00497842,-0.000351618,0.000302749
90.182,0.00497842,-0.000351618,0.000302749
90.2458,0.00497842,-0.000351618,0.000302749
90.31,0.00497848,-0.000351622,0.00030188
90.374,0.00497848,-0.000351622,0.00030188
90.4378,0.00497853,-0.000351626,0.000301011
90.5019,0.00497859,-0.000350757,0.000301015
90.566,0.00497864,-0.00035076,0.000300146
90.6298,0.00497864,-0.00035076,0.000300146
90.6937,0.00497869,-0.000350764,0.000299277
90.7577,0.00497869,-0.000350764,0.000299277
90.8217,0.00497869,-0.000350764,0.000299277
90.8857,0.00497875,-0.000350768,0.000298408
90.9496,0.00497875,-0.000350768,0.000298408
91.0139,0.0049788,-0.000350771,0.000297539
91.0778,0.0049788,-0.000350771,0.000297539
91.1416,0.00497886,-0.000349902,0.000297543
91.2057,0.00497891,-0.000349906,0.000296674
91.2698,0.00497891,-0.000349906,0.000296674
91.3336,0.00497891,-0.000349906,0.000296674
91.3977,0.00497896,-0.000349909,0.000295805
91.4618,0.00497896,-0.000349909,0.000295805
91.5255,0.00497902,-0.00034904,0.000295808
91.5895,0.00497907,-0.000349044,0.000294939
91.6535,0.00497907,-0.000349044,0.000294939
91.7177,0.00497907,-0.000349044,0.000294939
91.7818,0.00497913,-0.000349048,0.00029407
91.8456,0.00497913,-0.000349048,0.00029407
91.9096,0.00497913,-0.000349048,0.00029407
91.9737,0.00497918,-0.000349051,0.000293201
92.0374,0.00497918,-0.000349051,0.000293201
92.1014,0.00497918,-0.000349051,0.000293201
92.1654,0.00497918,-0.000349051,0.000293201
92.2295,0.00497918,-0.000349051,0.000293201
92.2935,0.00497923,-0.000349055,0.000292332
92.3574,0.00497923,-0.000349055,0.000292332
92.4216,0.00497923,-0.000349055,0.000292332
92.4855,0.00497923,-0.000349055,0.000292332
92.5494,0.00497923,-0.000349055,0.000292332
92.6133,0.00497923,-0.000349055,0.000292332
92.6772,0.00497923,-0.000349055,0.000292332
92.7415,0.00497928,-0.000349058,0.000291463
92.8055,0.00497928,-0.000349058,0.000291463
92.8694,0.00497922,-0.000349927,0.00029146
92.9334,0.00497922,-0.000349927,0.00029146
92.9975,0.00497922,-0.000349927,0.00029146
93.0613,0.00497927,-0.000349931,0.000290591
93.1252,0.00497927,-0.000349931,0.000290591
93.1894,0.00497927,-0.000349931,0.000290591
93.2532,0.00497921,-0.0003508,0.000290587
93.3172,0.00497921,-0.0003508,0.000290587
93.3812,0.00497921,-0.0003508,0.000290587
93.4454,0.00497921,-0.0003508,0.000290587
93.5094,0.00497915,-0.000351669,0.000290584
93.5731,0.00497915,-0.000351669,0.000290584
93.6373,0.00497915,-0.000351669,0.000290584
93.7014,0.00497908,-0.000352538,0.00029058
93.7651,0.00497913,-0.000352542,0.000289711
93.8292,0.00497913,-0.000352542,0.000289711
93.8932,0.00497913,-0.000352542,0.000289711
93.9571,0.00497913,-0.000352542,0.000289711
94.021,0.00497907,-0.000353411,0.000289707
94.085,0.00497907,-0.000353411,0.000289707
94.1491,0.00497912,-0.000353414,0.000288838
94.2131,0.00497912,-0.000353414,0.000288838
94.2769,0.00497912,-0.000353414,0.000288838
94.3411,0.00497912,-0.000353414,0.000288838
94.4051,0.00497917,-0.000353418,0.000287969
94.4689,0.00497917,-0.000353418,0.000287969
94.5331,0.00497917,-0.000353418,0.000287969
94.597,0.00497922,-0.000353421,0.0002871
94.6609,0.00497922,-0.000353421,0.0002871
94.725,0.00497922,-0.000353421,0.0002871
94.7889,0.00497922,-0.000353421,0.0002871
94.8528,0.00497922,-0.000353421,0.0002871
94.9168,0.00497927,-0.000353425,0.000286231
94.9809,0.00497927,-0.000353425,0.000286231
95.045,0.00497927,-0.000353425,0.000286231
95.1089,0.00497927,-0.000353425,0.000286231
95.1727,0.00497927,-0.000353425,0.000286231
95.2371,0.00497933,-0.000352556,0.000286235
95.301,0.00497938,-0.000352559,0.000285366
95.3648,0.00497938,-0.000352559,0.000285366
95.4288,0.00497938,-0.000352559,0.000285366
95.4928,0.00497945,-0.00035169,0.000285369
95.5567,0.00497945,-0.00035169,0.000285369
95.6208,0.00497945,-0.00035169,0.000285369
95.6847,0.00497951,-0.000350821,0.000285373
95.7488,0.00497956,-0.000350825,0.000284504
95.8129,0.00497956,-0.000350825,0.000284504
95.8767,0.00497956,-0.000350825,0.000284504
95.9407,0.00497962,-0.000349956,0.000284507
96.0047,0.00497962,-0.000349956,0.000284507
96.0688,0.00497967,-0.000349959,0.000283638
96.1329,0.00497967,-0.000349959,0.000283638
96.1967,0.00497973,-0.00034909,0.000283641
96.2609,0.00497973,-0.00034909,0.000283641
96.3249,0.00497973,-0.00034909,0.000283641
96.3886,0.00497973,-0.00034909,0.000283641
96.4526,0.00497973,-0.00034909,0.000283641
96.5165,0.00497978,-0.000349093,0.000282772
96.5808,0.00497984,-0.000348224,0.000282776
96.6447,0.00497984,-0.000348224,0.000282776
96.7085,0.00497984,-0.000348224,0.000282776
96.7728,0.00497989,-0.000348228,0.000281906
96.8366,0.00497989,-0.000348228,0.000281906
96.9005,0.00497989,-0.000348228,0.000281906
96.9644,0.00497989,-0.000348228,0.000281906
97.0285,0.00497994,-0.000348231,0.000281037
97.0924,0.00497994,-0.000348231,0.000281037
97.1564,0.00497994,-0.000348231,0.000281037
97.2204,0.00497994,-0.000348231,0.000281037
97.2847,0.00497994,-0.000348231,0.000281037
97.3485,0.00497998,-0.000348234,0.000280168
97.4125,0.00497998,-0.000348234,0.000280168
97.4766,0.00497998,-0.000348234,0.000280168
97.5405,0.00497998,-0.000348234,0.000280168
97.6044,0.00498003,-0.000348238,0.000279299
97.6684,0.00498003,-0.000348238,0.000279299
97.7324,0.00498003,-0.000348238,0.000279299
97.7966,0.00498003,-0.000348238,0.000279299
97.8605,0.00498008,-0.000348241,0.00027843
97.9242,0.00498008,-0.000348241,0.00027843
97.9884,0.00498008,-0.000348241,0.00027843
98.0526,0.00498002,-0.00034911,0.000278426
98.1162,0.00498007,-0.000349114,0.000277557
98.1803,0.00498007,-0.000349114,0.000277557
98.2443,0.00498007,-0.000349114,0.000277557
98.3085,0.00498001,-0.000349983,0.000277554
98.3724,0.00498006,-0.000349986,0.000276685
98.4362,0.00498006,-0.000349986,0.000276685
98.5005,0.00497999,-0.000350856,0.000276681
98.5643,0.00498004,-0.000350859,0.000275812
98.6282,0.00497998,-0.000351728,0.000275809
98.6922,0.00497998,-0.000351728,0.000275809
98.7562,0.00497992,-0.000352597,0.000275805
98.8201,0.00497991,-0.00035347,0.000274933
98.8841,0.00497991,-0.00035347,0.000274933
98.9481,0.00497985,-0.000354339,0.000274929
99.0123,0.00497978,-0.000355208,0.000274926
99.0762,0.00497977,-0.000356081,0.000274053
99.1401,0.00497971,-0.00035695,0.00027405
99.2042,0.00497971,-0.00035695,0.00027405
99.2682,0.00497964,-0.000357819,0.000274046
99.332,0.00497958,-0.000358688,0.000274043
99.396,0.00497957,-0.000359561,0.00027317
99.46,0.00497951,-0.00036043,0.000273167
99.524,0.00497944,-0.000361299,0.000273164
99.5881,0.00497944,-0.000361299,0.000273164
99.6519,0.00497936,-0.00036304,0.000272288
99.7161,0.00497936,-0.00036304,0.000272288
99.7801,0.0049793,-0.00036391,0.000272284
99.8439,0.00497924,-0.000364779,0.000272281
99.908,0.00497917,-0.000365648,0.000272277
99.9721,0.00491532,-0.000361821,0.000267925
100.036,0.00485183,-0.000357999,0.000264464
100.1,0.00478797,-0.000354127,0.000260984
100.164,0.00472401,-0.000350225,0.000257497
100.228,0.0046604,-0.000346328,0.00025403
100.292,0.00459668,-0.000342399,0.000249752
100.356,0.00453291,-0.000337649,0.000246287
100.42,0.0044689,-0.000333665,0.000242809
100.484,0.00440514,-0.000329677,0.000239345
100.548,0.00434165,-0.000325688,0.000235895
100.612,0.00427782,-0.000321651,0.000232427
100.676,0.00421387,-0.000317582,0.000228953
100.74,0.00415028,-0.000313518,0.000225497
100.804,0.00408633,-0.000309404,0.000222023
100.868,0.00402255,-0.000305281,0.000218558
100.932,0.00395897,-0.000301151,0.000215103
100.996,0.00389516,-0.000296981,0.000211636
101.06,0.0038316,-0.000292135,0.000208183
101.124,0.00376755,-0.000287913,0.000204702
101.188,0.00370376,-0.000283689,0.000201237
101.252,0.0036403,-0.000278827,0.000197789
101.316,0.00357644,-0.000274564,0.000194319
101.38,0.00351273,-0.000269673,0.000190243
101.444,0.00344925,-0.0002648,0.000186805
101.508,0.00338535,-0.000259894,0.000183344
101.572,0.00332155,-0.000254996,0.000179889
101.636,0.00325807,-0.000250123,0.000175881
101.7,0.00319436,-0.000245232,0.000172441
101.764,0.00313065,-0.000240341,0.000169002
101.828,0.00306647,-0.000235413,0.000165
101.892,0.00300305,-0.000230545,0.000161588
101.956,0.00293961,-0.000225158,0.000158174
102.02,0.00287588,-0.000220277,0.000154746
102.084,0.00281219,-0.000215399,0.000150826
102.148,0.0027485,-0.000210038,0.00014741
102.211,0.00268491,-0.000205178,0.000143999
102.275,0.00262122,-0.000200311,0.000140584
102.34,0.00255731,-0.000194978,0.000137156
102.403,0.00249377,-0.000190134,0.000134185
102.467,0.00243001,-0.000184846,0.000130754
102.531,0.00236631,-0.000180001,0.000127326
102.596,0.00230256,-0.000174747,0.000123896
102.66,0.00223874,-0.000169511,0.000120462
102.723,0.00217527,-0.000164705,0.000117428
102.788,0.00211143,-0.0001595,0.000113981
102.852,0.00204771,-0.000154328,0.000110542
102.915,0.00198403,-0.000149528,0.000107104
102.979,0.00192037,-0.000144394,0.000103668
103.043,0.00185669,-0.000139279,0.00010023
103.108,0.00179288,-0.000134178,9.70991e-05
103.171,0.00172927,-0.000129418,9.3654e-05
103.235,0.00166569,-0.000124367,9.02104e-05
103.299,0.00160195,-0.000119326,8.67583e-05
103.363,0.00153823,-0.00011431,8.33073e-05
103.428,0.0014743,-0.000109301,7.98451e-05
103.491,0.00141068,-0.000104336,7.63997e-05
103.555,0.00134706,-9.93945e-05,7.29541e-05
103.619,0.00128322,-9.46843e-05,6.94968e-05
103.683,0.00121944,-8.97642e-05,6.60426e-05
103.747,0.00115598,-8.48902e-05,6.26059e-05
103.811,0.00109227,-8.00195e-05,5.93463e-05
103.875,0.00102857,-7.51722e-05,5.58852e-05
103.939,0.000964754,-7.03392e-05,5.24181e-05
104.003,0.00090086,-6.55227e-05,4.89465e-05
104.067,0.0008375,-6.07674e-05,4.56506e-05
104.131,0.000773535,-5.59905e-05,4.2164e-05
104.195,0.000709781,-5.12513e-05,3.86889e-05
104.259,0.000646275,-4.65523e-05,3.52273e-05
104.323,0.000582519,-4.19599e-05,3.1854e-05
104.387,0.000518787,-3.72781e-05,2.83689e-05
104.451,0.000454855,-3.26044e-05,2.48729e-05
104.515,0.0003912,-2.79729e-05,2.13921e-05
104.579,0.000327675,-2.33731e-05,1.79183e-05
104.643,0.00026371,-1.88105e-05,1.44205e-05
104.707,0.000200064,-1.42355e-05,1.09402e-05
104.771,0.000136463,-9.68603e-06,7.46223e-06
104.835,7.26833e-05,-5.159e-06,3.97456e-06
104.899,8.9067e-06,-6.30628e-07,4.87047e-07
104.963,0,0,0
105.027,0,0,0
105.091,0,0,0
105.155,0,0,0
105.219,0,0,0
105.283,0,0,0
105.347,0,0,0
105.411,0,0,0
105.475,0,0,0
105.539,0,0,0
105.603,0,0,0
105.667,0,0,0
105.731,0,0,0
105.795,0,0,0
105.859,0,0,0
105.923,0,0,0
105.987,0,0,0
106.051,0,0,0
106.115,4.31014e-06,6.37718e-05,4.86977e-06
106.179,8.6157e-06,0.000127265,9.83255e-06
106.243,1.29644e-05,0.000190933,1.46621e-05
106.307,1.73275e-05,0.000254649,1.96353e-05
106.371,2.17064e-05,0.000318176,2.44506e-05
106.435,2.61104e-05,0.000381816,2.94228e-05
106.499,3.05469e-05,0.000445519,3.41893e-05
106.563,3.49921e-05,0.000509268,3.93493e-05
106.627,3.94661e-05,0.000572927,4.41407e-05
106.691,4.40727e-05,0.00063637,4.8651e-05
106.755,4.85917e-05,0.000700089,5.38163e-05
106.819,5.31997e-05,0.000764126,5.80475e-05
106.883,5.76132e-05,0.000827408,6.27191e-05
106.947,6.23718e-05,0.00089115,6.72153e-05
107.011,6.69738e-05,0.000954608,7.21247e-05
107.075,7.14728e-05,0.00101833,7.62124e-05
107.139,7.62596e-05,0.00108225,7.9065e-05
107.203,8.09634e-05,0.00114594,8.32075e-05
107.267,8.57028e-05,0.00120975,8.75175e-05
107.331,9.01926e-05,0.00127354,9.23605e-05
107.395,9.50144e-05,0.00133691,9.52386e-05
107.459,9.96572e-05,0.00140101,9.80047e-05
107.523,0.000104433,0.00146452,0.00010244
107.586,0.000109047,0.00152807,0.000105136
107.65,0.00011359,0.00159179,0.000109592
107.715,0.000118233,0.00165588,0.000112467
107.778,0.000122845,0.00171937,0.000115439
107.842,0.000127414,0.00178308,0.000119064
107.906,0.000131771,0.00184694,0.000121315
107.971,0.000136302,0.00191074,0.000125489
108.035,0.000140552,0.00197452,0.000128876
108.098,0.000145227,0.00203819,0.000130211
108.163,0.000149398,0.00210212,0.000134552
108.227,0.000153666,0.00216593,0.000136318
108.29,0.00015785,0.0022296,0.000139332
108.354,0.000162041,0.00229347,0.000142106
108.418,0.000165882,0.00235739,0.000143076
108.482,0.000169968,0.00242116,0.000146542
108.546,0.000174137,0.00248491,0.000148211
108.61,0.000177832,0.00254886,0.000150205
108.675,0.000181836,0.00261297,0.000153694
108.738,0.000185419,0.00267656,0.000155811
108.802,0.000189386,0.00274033,0.000159012
108.866,0.000192972,0.0028043,0.000160223
108.93,0.000196401,0.00286802,0.000162522
108.994,0.000200358,0.002932,0.000164637
109.058,0.000203957,0.00299595,0.000163522
109.122,0.000207213,0.00305981,0.000166823
109.186,0.000210569,0.00312381,0.000168348
109.25,0.000213803,0.00318777,0.000170616
109.314,0.000217044,0.0032515,0.000172244
109.378,0.000220256,0.00331562,0.000173546
109.442,0.000223289,0.00337938,0.000177159
109.506,0.000226547,0.0034433,0.000176482
109.57,0.000229579,0.00350723,0.000178315
109.634,0.000232577,0.00357131,0.000180648
109.698,0.000235466,0.00363522,0.000183855
109.762,0.000237725,0.00369923,0.000185571
109.826,0.000239943,0.0037629,0.000187022
109.89,0.000242702,0.00382698,0.000189957
109.954,0.000244696,0.00389089,0.000193361
110.018,0.000247523,0.00395476,0.000192722
110.082,0.000249441,0.00401877,0.000195424
110.146,0.000251309,0.00408272,0.000197791
110.21,0.000253182,0.0041469,0.000199198
110.274,0.000255611,0.0042107,0.000202109
110.338,0.000257469,0.0042746,0.000201442
110.402,0.000259849,0.00433881,0.000203932
110.466,0.000260586,0.00440265,0.000206932
110.53,0.000262959,0.00446658,0.000207413
110.594,0.00026437,0.00453043,0.000209822
110.658,0.00026661,0.00459454,0.000210987
110.722,0.000267942,0.00465844,0.000212748
110.786,0.000269163,0.00472245,0.000215324
110.85,0.000271263,0.00478648,0.000216151
110.914,0.000273102,0.00485065,0.000220672
110.978,0.000274858,0.00491455,0.000224909
111.042,0.000276841,0.00497813,0.000225013
111.106,0.0002757,0.00498737,0.000223915
111.17,0.000274003,0.00498752,0.000222604
111.234,0.000273127,0.00498757,0.000222687
111.298,0.000271516,0.00498777,0.000220016
111.362,0.000270642,0.00498782,0.000220072
111.426,0.000269827,0.00498793,0.000218589
111.49,0.000268885,0.00498795,0.000219109
111.554,0.000268047,0.00498802,0.000218596
111.618,0.000268086,0.00498807,0.000217395
111.682,0.00026715,0.0049881,0.000217813
111.746,0.000267261,0.0049882,0.0002155
111.81,0.000266336,0.00498824,0.00021576
111.874,0.000266225,0.00498819,0.000216886
111.938,0.000266314,0.00498825,0.000215518
112.002,0.000266303,0.00498827,0.000215109
112.066,0.000266239,0.00498825,0.000215505
112.13,0.00026629,0.00498831,0.000214154
112.194,0.000266157,0.00498825,0.000215615
112.258,0.000266188,0.0049883,0.000214566
112.322,0.000266871,0.00498816,0.000216859
112.386,0.000266905,0.00498818,0.000216334
112.45,0.000267966,0.00498827,0.00021287
112.514,0.000268775,0.00498821,0.00021324
112.578,0.00026975,0.00498825,0.000211107
112.642,0.000270442,0.00498812,0.000213241
112.706,0.000271262,0.00498807,0.00021345
112.77,0.000272106,0.00498803,0.000213281
112.834,0.000272925,0.00498795,0.000214064
112.898,0.000273688,0.00498787,0.00021511
112.962,0.000275493,0.00498783,0.000213599
113.026,0.000276145,0.00498768,0.000216294
113.09,0.000277076,0.00498769,0.00021485
113.153,0.000278849,0.00498764,0.000213813
113.218,0.000279663,0.00498758,0.00021411
113.282,0.000280435,0.0049875,0.00021501
113.346,0.000281282,0.00498746,0.000214796
113.41,0.00028305,0.00498742,0.000213315
113.473,0.000283774,0.00498731,0.000214904
113.538,0.000284519,0.00498721,0.000216189
113.602,0.000286231,0.00498712,0.00021606
113.665,0.000287041,0.00498706,0.000216393
113.73,0.00028846,0.00498683,0.000219925
113.794,0.000289092,0.00498666,0.000222785
113.857,0.000290041,0.00498668,0.000221116
113.921,0.000291757,0.00498661,0.00022037
113.985,0.000292555,0.00498655,0.000220845
114.049,0.00029427,0.00498648,0.000220122
114.113,0.000294959,0.00498635,0.000222138
114.177,0.000295546,0.00498618,0.000225006
114.241,0.000296431,0.00498616,0.000224264
114.305,0.000296943,0.00498596,0.000228138
114.369,0.000297677,0.00498588,0.000228922
114.433,0.000298391,0.00498576,0.000230526
114.497,0.000298975,0.0049856,0.000233338
114.561,0.000299709,0.00498552,0.00023408
114.625,0.000300276,0.00498531,0.00023764
114.689,0.000301039,0.00498525,0.000237977
114.753,0.000301798,0.00498519,0.00023835
114.817,0.000301497,0.00498507,0.000241253
114.881,0.000302314,0.00498501,0.000241409
114.945,0.000303163,0.004985,0.000240572
115.009,0.000302904,0.0049849,0.000242881
115.073,0.000303453,0.00498469,0.000246547
115.137,0.000303295,0.00498465,0.000247491
115.201,0.000303922,0.00498448,0.000250106
115.265,0.000303838,0.00498446,0.000250631
115.329,0.00030437,0.00498427,0.000253879
115.393,0.000305144,0.00498421,0.000253976
115.457,0.000304943,0.00498412,0.000255987
115.521,0.000304804,0.0049841,0.000256614
115.585,0.000305798,0.00498415,0.000254464
115.649,0.000305577,0.00498405,0.00025672
115.713,0.000305416,0.00498404,0.000257046
115.777,0.000305171,0.00498392,0.000259572
115.841,0.000305884,0.00498384,0.000260414
115.905,0.00030584,0.00498384,0.000260394
115.969,0.000305615,0.00498377,0.00026206
116.033,0.000305538,0.00498378,0.000261879
116.097,0.000305566,0.00498383,0.000260969
116.161,0.000305382,0.00498378,0.00026211
116.225,0.000305459,0.00498385,0.000260602
116.289,0.000304389,0.00498385,0.000261932
116.353,0.00030437,0.0049839,0.000261043
116.417,0.000304254,0.00498389,0.00026134
116.481,0.000304127,0.00498384,0.000262326
116.545,0.000304264,0.00498398,0.000259562
116.609,0.00030341,0.0049841,0.000258271
116.673,0.000303272,0.00498408,0.000258846
116.737,0.000303087,0.004984,0.000260525
116.801,0.000302109,0.00498405,0.000260719
116.865,0.000302303,0.00498421,0.000257335
116.929,0.000301264,0.00498423,0.000258267
116.993,0.000301106,0.0049842,0.000259058
117.057,0.000300231,0.0049843,0.000258055
117.121,0.00029998,0.00498422,0.00025993
117.185,0.000299146,0.00498435,0.000258455
117.249,0.000297842,0.00498425,0.000261897
117.313,0.000296764,0.00498424,0.000263238
117.377,0.000296761,0.00498429,0.00026221
117.441,0.000295611,0.00498425,0.00026436
117.505,0.000294782,0.00498438,0.000262844
117.569,0.000293798,0.00498445,0.000262564
117.633,0.000292623,0.00498439,0.000264962
117.697,0.000291692,0.00498447,0.000264601
117.761,0.00029041,0.00498435,0.000268163
117.825,0.000289604,0.00498449,0.00026641
117.889,0.000288462,0.00498448,0.000267865
117.952,0.000287221,0.00498439,0.000270916
118.017,0.000285431,0.00498449,0.000270945
118.08,0.00028432,0.00498449,0.000272017
118.144,0.00028318,0.00498445,0.000273921
118.208,0.000281163,0.00498449,0.00027535
118.272,0.000280039,0.00498446,0.000277052
118.337,0.000279826,0.0049844,0.000278291
118.401,0.000278853,0.00498445,0.000278347
118.465,0.000277858,0.00498449,0.00027864
118.528,0.0002767,0.00498447,0.000280134
118.592,0.000275785,0.00498455,0.000279567
118.656,0.000274545,0.00498446,0.000282434
118.72,0.000274372,0.00498446,0.00028269
118.784,0.000273375,0.00498449,0.000282978
118.848,0.000272262,0.00498447,0.000284463
118.912,0.000271328,0.00498454,0.000284095
118.976,0.000271081,0.00498447,0.000285612
119.04,0.000269991,0.00498449,0.000286328
119.104,0.000269144,0.00498461,0.000285059
119.168,0.000269116,0.00498468,0.000283818
119.232,0.00026809,0.0049847,0.000284382
119.296,0.000267821,0.00498462,0.000286092
119.36,0.000266965,0.00498473,0.000284936
119.424,0.000266916,0.00498479,0.000283928
119.488,0.000266011,0.0049849,0.000282778
119.552,0.0002658,0.00498488,0.0002834
119.616,0.000265661,0.00498487,0.000283788
119.68,0.000264771,0.00498499,0.000282506
119.744,0.000264539,0.00498492,0.000283813
119.808,0.000263978,0.00498472,0.000287818
119.872,0.000263761,0.00498473,0.000287956
119.936,0.000263847,0.00498483,0.00028615
120,0.000264577,0.00498479,0.000286055
120.064,0.000264576,0.00498488,0.000284624
120.128,0.00026458,0.00498499,0.000282686
120.192,0.000264212,0.00498489,0.000284749
120.256,0.000264944,0.00498486,0.000284643
120.32,0.000264726,0.00498483,0.000285274
120.384,0.000265806,0.00498496,0.000281928
120.448,0.000265828,0.00498508,0.000279886
120.512,0.000265498,0.004985,0.000281564
120.576,0.000266221,0.00498496,0.000281554
120.64,0.000266035,0.00498493,0.000282344
120.704,0.000266873,0.00498494,0.000281286
120.768,0.000266649,0.00498494,0.000281522
120.832,0.000267329,0.00498488,0.000281895
120.896,0.000267064,0.00498484,0.000282928
120.96,0.000267713,0.00498477,0.00028357
121.024,0.000267542,0.00498477,0.000283758
121.088,0.000268437,0.00498483,0.000281784
121.152,0.000268839,0.00498465,0.000284582
121.216,0.000269692,0.00498467,0.000283419
121.28,0.000269305,0.00498455,0.000285917
121.344,0.000270133,0.00498456,0.000284978
121.408,0.000271008,0.00498461,0.000283207
121.472,0.000270551,0.00498449,0.000285836
121.536,0.000271302,0.00498444,0.000285996
121.6,0.000272252,0.0049845,0.000284032
121.664,0.000273027,0.00498448,0.000283572
121.728,0.000273772,0.00498445,0.000283369
121.792,0.000273629,0.00498446,0.00028331
121.856,0.000274206,0.00498434,0.00028492
121.92,0.000274838,0.00498426,0.000285647
121.984,0.000274819,0.0049843,0.000284971
122.048,0.000275419,0.00498424,0.000285541
122.112,0.000276456,0.0049843,0.000283342
122.176,0.000276303,0.00498431,0.000283369
122.24,0.000276794,0.00498415,0.000285647
122.304,0.000276914,0.00498427,0.000283443
122.368,0.000276739,0.00498427,0.000283646
122.432,0.000277521,0.00498426,0.000283154
122.496,0.000277378,0.00498424,0.000283493
122.56,0.000278069,0.00498419,0.000283726
122.624,0.000277943,0.00498419,0.000283932
122.688,0.000277657,0.00498417,0.000284615
122.752,0.000278479,0.00498414,0.000284198
122.816,0.0002782,0.00498408,0.000285604
122.88,0.000278793,0.00498399,0.000286597
122.944,0.000278527,0.00498393,0.000287884
123.008,0.000278603,0.00498403,0.000286101
123.072,0.000278572,0.00498408,0.000285165
123.136,0.00027926,0.00498401,0.000285798
123.2,0.000279266,0.00498408,0.000284584
123.263,0.000279125,0.00498407,0.000284893
123.328,0.000279357,0.00498424,0.000281583
123.392,0.000279226,0.00498424,0.000281823
123.456,0.000278858,0.00498414,0.000283865
123.52,0.00027884,0.0049842,0.000282858
123.584,0.000278362,0.00498406,0.000285709
123.648,0.00027811,0.00498406,0.000286085
123.711,0.000278316,0.00498418,0.000283784
123.775,0.000278202,0.0049842,0.000283516
123.839,0.000277029,0.00498418,0.000285022
123.903,0.000277163,0.00498429,0.000282904
123.968,0.000278266,0.00498475,0.000273651
124.031,0.000277783,0.00498461,0.000276498
124.095,0.000277732,0.00498466,0.000275788
124.159,0.000277745,0.0049847,0.00027498
124.223,0.000276551,0.0049847,0.000276274
124.288,0.000276339,0.00498468,0.000276751
124.351,0.000276305,0.00498471,0.00027629
124.415,0.000275637,0.00498487,0.000274117
124.479,0.000275537,0.00498489,0.00027379
124.543,0.000275407,0.00498488,0.000274027
124.607,0.000274945,0.00498513,0.00027006
124.671,0.000274779,0.00498513,0.000270219
124.735,0.000274998,0.00498523,0.000267983
124.799,0.000273926,0.00498525,0.000268736
124.863,0.000273527,0.00498518,0.000270549
124.927,0.000273597,0.00498525,0.000269043
124.991,0.000272386,0.00498523,0.000270765
125.055,0.000272348,0.00498527,0.00027002
125.119,0.000272658,0.00498544,0.000266524
125.183,0.000271696,0.00498549,0.000266504
125.247,0.000271449,0.00498547,0.000267234
125.311,0.000271728,0.00498559,0.000264652
125.375,0.000271409,0.00498554,0.000265879
125.439,0.000271456,0.00498559,0.000264906
125.503,0.000271079,0.00498551,0.000266843
125.567,0.000270378,0.00498564,0.000265035
125.631,0.000270512,0.00498574,0.000263167
125.695,0.000270086,0.00498564,0.000265423
125.759,0.00027031,0.00498574,0.000263264
125.823,0.000270352,0.00498579,0.000262352
125.887,0.000270472,0.00498586,0.000260911
125.951,0.00027016,0.0049858,0.000262388
126.015,0.000269411,0.00498591,0.000260943
126.079,0.000269565,0.00498599,0.000259296
126.143,0.000269347,0.00498596,0.000260133
126.207,0.000269242,0.00498596,0.000260216
126.271,0.000269346,0.00498602,0.000258914
126.335,0.000268682,0.00498616,0.00025693
126.399,0.000268948,0.00498627,0.000254562
126.463,0.000268582,0.00498619,0.000256381
126.527,0.000268563,0.00498622,0.000255908
126.591,0.000268839,0.00498633,0.000253497
126.655,0.000267753,0.00498634,0.000254313
126.719,0.000267499,0.0049863,0.000255388
126.783,0.000267389,0.0049863,0.000255509
126.847,0.000267567,0.00498638,0.000253759
126.911,0.000267271,0.00498633,0.000255093
126.975,0.000265928,0.00498629,0.000257274
127.039,0.000265716,0.00498625,0.000258349
127.103,0.000265418,0.00498619,0.00025968
127.167,0.000265273,0.00498618,0.000260013
127.231,0.000264985,0.00498613,0.000261268
127.295,0.000265122,0.0049862,0.000259793
127.359,0.000263759,0.00498614,0.000262351
127.423,0.000263503,0.0049861,0.00026339
127.487,0.000263276,0.00498607,0.000264234
127.551,0.000263295,0.0049861,0.000263517
127.615,0.000263001,0.00498605,0.000264788
127.679,0.000262744,0.004986,0.000266111
127.743,0.000262615,0.00498599,0.000266326
127.807,0.000262509,0.00498599,0.000266398
127.871,0.000262338,0.00498598,0.000266874
127.935,0.000261979,0.00498589,0.00026883
127.999,0.000261329,0.00498574,0.000272302
128.063,0.000261563,0.00498584,0.00027023
128.127,0.000261178,0.00498574,0.000272333
128.191,0.000261501,0.00498557,0.000275134
128.255,0.000261606,0.00498563,0.000273876
128.319,0.00026131,0.00498557,0.000275408
128.383,0.000262164,0.00498555,0.000274903
128.447,0.000261626,0.00498541,0.000277927
128.511,0.000262223,0.00498532,0.000279002
128.574,0.000262296,0.00498537,0.000277937
128.639,0.000261687,0.00498521,0.000281373
128.703,0.000262443,0.00498517,0.000281465
128.766,0.0002627,0.00498526,0.000279582
128.83,0.000263263,0.00498516,0.000280851
128.895,0.000263056,0.00498513,0.000281502
128.958,0.000263642,0.00498502,0.00028293
129.022,0.000263605,0.00498505,0.000282542
129.086,0.000264258,0.00498495,0.000283555
129.15,0.000263902,0.00498488,0.000285097
129.214,0.000264882,0.00498491,0.000283819
129.278,0.000264689,0.00498487,0.000284677
129.343,0.000265415,0.00498481,0.000284939
129.407,0.000265288,0.00498479,0.000285397
129.47,0.000266051,0.00498475,0.00028543
129.534,0.000265999,0.00498477,0.000285128
129.598,0.000266555,0.00498465,0.000286703
129.662,0.000266398,0.00498464,0.000287034
129.726,0.000267251,0.00498461,0.000286828
129.79,0.000267052,0.00498458,0.000287406
129.854,0.00026804,0.00498461,0.000286095
129.918,0.000267554,0.00498448,0.000288677
129.982,0.00026855,0.00498451,0.000287325
130.046,0.000268509,0.00498451,0.000287261
130.11,0.000269241,0.00498446,0.000287471
130.174,0.000269217,0.00498447,0.000287312
130.238,0.000270199,0.00498449,0.000286053
130.302,0.000270778,0.00498467,0.000282349
130.366,0.000270928,0.00498446,0.000285981
130.43,0.000271974,0.00498449,0.000284355
130.494,0.000271884,0.00498448,0.000284588
130.558,0.000272821,0.00498447,0.000283899
130.622,0.000272299,0.00498436,0.000286351
130.686,0.000272663,0.00498448,0.000283935
130.75,0.000273285,0.0049844,0.000284787
130.814,0.0002735,0.00498447,0.000283242
130.878,0.000274069,0.00498438,0.000284401
130.942,0.000273713,0.00498429,0.000286166
131.006,0.000273974,0.0049844,0.000284069
131.07,0.000274257,0.00498422,0.000286864
131.134,0.000273987,0.00498417,0.000288126
131.198,0.000274008,0.00498419,0.000287706
131.262,0.000274591,0.0049841,0.000288762
131.326,0.000274686,0.00498414,0.000287923
131.39,0.000274302,0.00498407,0.000289531
131.454,0.000274507,0.00498416,0.00028777
131.518,0.000274925,0.00498429,0.000285093
131.582,0.000274344,0.00498416,0.000287815
131.646,0.000274456,0.00498421,0.000286888
131.71,0.000274279,0.0049842,0.000287309
131.774,0.000273997,0.00498415,0.000288322
131.838,0.000273648,0.00498409,0.000289707
131.902,0.000274039,0.00498422,0.00028721
131.966,0.000273883,0.00498421,0.000287507
132.03,0.000270179,0.00492036,0.000284362
132.094,0.000266203,0.00485651,0.000282775
132.158,0.000262748,0.00479276,0.000278552
132.222,0.000258121,0.00472887,0.000275959
132.286,0.000254421,0.00466504,0.0002729
132.35,0.000250764,0.00460149,0.000269721
132.414,0.000246932,0.00453738,0.000267607
132.478,0.000242982,0.00447386,0.000261679
132.542,0.000239496,0.0044102,0.000257594
132.606,0.000235146,0.00434628,0.000254263
132.67,0.000231493,0.00428256,0.000250926
132.734,0.000227032,0.00421864,0.000248426
132.798,0.000223399,0.0041548,0.000245277
132.862,0.000219812,0.00409111,0.00024194
132.926,0.000215366,0.00402724,0.000239646
132.991,0.000211972,0.00396236,0.000234657
133.054,0.000207903,0.00389972,0.000230678
133.118,0.000204366,0.00383586,0.000227408
133.182,0.000200741,0.00377208,0.000224439
133.246,0.000196553,0.0037083,0.000220996
133.31,0.000192799,0.00364455,0.000218835
133.374,0.000188564,0.00358072,0.000215846
133.438,0.000185182,0.00351707,0.000211753
133.502,0.000181322,0.00345329,0.000207144
133.566,0.000177728,0.00338941,0.00020422
133.63,0.000173902,0.00332579,0.000199482
133.694,0.000170098,0.00326183,0.00019777
133.758,0.000166178,0.00319813,0.000193925
133.822,0.000162735,0.00313426,0.000190354
133.886,0.000158846,0.00307053,0.000186529
133.95,0.000155321,0.0030067,0.000183682
134.013,0.000151527,0.00294326,0.000179461
134.077,0.000148064,0.0028794,0.000176171
134.141,0.000144431,0.00281572,0.000171378
134.205,0.000140939,0.00275185,0.000168332
134.269,0.000137291,0.00268812,0.0001638
134.333,0.000133886,0.00262429,0.000160381
134.398,0.000130457,0.00256023,0.00015718
134.462,0.000126712,0.00249646,0.000153424
134.525,0.000123584,0.00243289,0.000148848
134.589,0.000119845,0.00236924,0.00014516
134.653,0.00011657,0.00230544,0.000141369
134.717,0.000112773,0.00224157,0.000138122
134.781,0.000109667,0.00217784,0.000133526
134.845,0.00010585,0.00211412,0.000130764
134.909,0.000102369,0.00205031,0.000126188
134.973,9.92289e-05,0.00198654,0.000121793
135.037,9.56628e-05,0.00192277,0.000118003
135.101,9.23555e-05,0.00185876,0.000114505
135.165,8.89416e-05,0.001795,0.000110109
135.229,8.57169e-05,0.00173138,0.000106387
135.293,8.22412e-05,0.00166761,0.000102412
135.357,7.89314e-05,0.00160372,9.92315e-05
135.421,7.55872e-05,0.00153992,9.47566e-05
135.485,7.24411e-05,0.00147629,9.08754e-05
135.549,6.91431e-05,0.00141237,8.76223e-05
135.613,6.58469e-05,0.00134864,8.32734e-05
135.677,6.26807e-05,0.00128482,7.94452e-05
135.741,5.95967e-05,0.00122101,7.52782e-05
135.805,5.63409e-05,0.00115696,7.19352e-05
135.869,5.32011e-05,0.00109326,6.80436e-05
135.933,5.01655e-05,0.00102978,6.37536e-05
135.997,4.70305e-05,0.000965895,5.98625e-05
136.061,4.389e-05,0.000902153,5.60504e-05
136.125,4.05221e-05,0.000838256,5.18539e-05
136.189,3.7381e-05,0.00077451,4.81288e-05
136.253,3.43117e-05,0.000710714,4.40724e-05
136.317,3.12126e-05,0.00064682,4.01475e-05
136.381,2.81017e-05,0.000583023,3.63206e-05
136.445,2.50716e-05,0.000519268,3.2098e-05
136.509,2.20286e-05,0.000455613,2.83645e-05
136.573,1.89149e-05,0.000391751,2.44997e-05
136.637,1.58723e-05,0.000327914,2.05795e-05
136.701,1.27552e-05,0.000263995,1.66712e-05
136.765,9.67726e-06,0.000200189,1.26051e-05
136.829,6.63296e-06,0.000136677,8.58802e-06
136.893,3.53126e-06,7.26847e-05,4.54312e-06
136.957,4.37623e-07,8.99969e-06,5.60022e-07
137.021,0,0,0
137.085,0,0,0
137.149,0,0,0
137.213,0,0,0
137.277,0,0,0
137.341,0,0,0
137.405,0,0,0
137.469,0,0,0
137.533,0,0,0
137.597,0,0,0
137.661,0,0,0
137.725,0,0,0
137.789,0,0,0
137.853,0,0,0
137.917,0,0,0
137.981,0,0,0
138.045,0,0,0
138.109,0,0,0
