10.2453,8.1839e-06,0.000127937
10.3093,2.45617e-05,0.000255926
10.3733,4.91347e-05,0.000383932
10.4371,8.17635e-05,0.00051151
10.5011,0.000122703,0.000639539
10.5652,0.00017191,0.000767727
10.6292,0.00022921,0.000895675
10.6932,0.000294747,0.00102371
10.757,0.00036825,0.00115139
10.8212,0.000450339,0.00127969
10.8853,0.000540536,0.00140782
10.9491,0.000638594,0.00153554
11.0131,0.000745046,0.00166352
11.0772,0.000859782,0.00179161
11.141,0.000982242,0.00191922
11.205,0.00111345,0.00204739
11.2691,0.00125269,0.0021754
11.333,0.0014,0.00230332
11.397,0.00155562,0.00243133
11.461,0.00171945,0.00255935
11.5252,0.00189189,0.00268767
11.5892,0.002072,0.00281561
11.653,0.00225976,0.0029432
11.7169,0.00245622,0.00307114
11.7809,0.00266086,0.00319907
11.8449,0.00287391,0.00332714
11.909,0.00309527,0.00345527
11.9734,0.00332629,0.00358418
12.0368,0.00356156,0.00371098
12.1009,0.00380762,0.00383916
12.1648,0.00406087,0.00396685
12.2291,0.00432446,0.00409557
12.293,0.00459409,0.00422326
12.3567,0.00487138,0.00435072
12.4208,0.00515819,0.0044788
12.4849,0.00545387,0.00460715
12.5487,0.00575583,0.00473471
12.6128,0.00606737,0.00486284
12.6789,0.00639783,0.00499515
12.7566,0.00679797,0.00515053
12.8207,0.00713615,0.00527866
12.885,0.00748383,0.00540726
12.9486,0.00783606,0.00553454
13.0126,0.00819849,0.00566255
13.0766,0.00856914,0.00579057
13.1406,0.00894796,0.00591858
13.2047,0.00933518,0.00604666
13.2687,0.00973039,0.00617467
13.3328,0.0101344,0.00630286
13.3967,0.0105456,0.00643076
13.4606,0.0109644,0.00655847
13.5248,0.0113935,0.0066868
13.5887,0.0118295,0.00681477
13.6526,0.0122729,0.0069425
13.7166,0.0127253,0.00707048
13.7804,0.013185,0.00719818
13.8448,0.0136564,0.00732688
13.9088,0.0141334,0.00745485
13.9725,0.0146165,0.00758228
14.0366,0.0151109,0.00771052
14.1007,0.015613,0.00783861
14.1645,0.0161216,0.00796631
14.2286,0.0166403,0.00809446
14.2926,0.0171667,0.0082225
14.3564,0.0176997,0.00835016
14.4204,0.0182419,0.00847808
14.4844,0.0187928,0.0086061
14.5487,0.019354,0.0087346
14.6125,0.0199199,0.00886231
14.6766,0.0204962,0.00899051
14.7405,0.0210788,0.00911831
14.8045,0.0216709,0.00924637
14.8683,0.0222688,0.00937393
14.9325,0.0228788,0.00950232
14.9965,0.0234952,0.00963035
15.0602,0.0241166,0.0097577
15.1242,0.0247491,0.00988567
15.1884,0.0253918,0.010014
15.2522,0.0260302,0.01
15.3162,0.0266704,0.01
15.3802,0.0273103,0.01
15.4443,0.0279514,0.01
15.5083,0.0285915,0.01
15.5721,0.0292295,0.01
15.6362,0.0298701,0.01
15.7004,0.0305119,0.01
15.7642,0.0311496,0.01
15.8282,0.03179,0.01
15.8923,0.0324311,0.01
15.9561,0.033069,0.01
16.0201,0.0337091,0.01
16.0841,0.0343488,0.01
16.1483,0.0349907,0.01
16.2123,0.0356306,0.01
16.2763,0.0362707,0.01
16.3402,0.0369102,0.01
16.4042,0.0375502,0.01
16.468,0.0381877,0.01
16.5322,0.0388298,0.01
16.5963,0.0394714,0.01
16.66,0.0401079,0.01
16.724,0.0407482,0.01
16.788,0.041388,0.01
16.8519,0.0420273,0.01
16.9159,0.0426671,0.01
16.9799,0.0433071,0.01
17.0441,0.0439496,0.01
17.1082,0.0445906,0.01
17.1719,0.0452272,0.01
17.2361,0.0458692,0.01
17.3001,0.0465086,0.01
17.3639,0.0471475,0.01
17.4281,0.0477893,0.01
17.492,0.0484281,0.01
17.5558,0.0490665,0.01
17.6199,0.0497069,0.01
17.6839,0.0503468,0.01
17.7481,0.0509888,0.01
17.8119,0.0516276,0.01
17.8757,0.0522654,0.01
17.9399,0.0529072,0.01
18.004,0.0535481,0.01
18.0678,0.0541859,0.01
18.1318,0.0548263,0.01
18.196,0.0554678,0.01
18.2597,0.056105,0.01
18.3237,0.056745,0.01
18.3878,0.0573864,0.01
18.4519,0.0580269,0.01
18.5159,0.058667,0.01
18.5797,0.0593053,0.01
18.6438,0.0599462,0.01
18.7078,0.060586,0.01
18.7716,0.0612241,0.01
18.8356,0.0618643,0.01
18.8999,0.0625067,0.01
18.9636,0.063144,0.01
19.0276,0.0637841,0.01
19.0918,0.0644261,0.01
19.1555,0.0650631,0.01
19.2196,0.0657045,0.01
19.2835,0.0663431,0.01
19.3477,0.0669852,0.01
19.4117,0.0676253,0.01
19.4755,0.0682634,0.01
19.5396,0.068904,0.01
19.6036,0.0695443,0.01
19.6674,0.070182,0.01
19.7314,0.0708223,0.01
19.7954,0.0714623,0.01
19.8594,0.0721025,0.01
19.9234,0.0727423,0.01
19.9874,0.0733817,0.01
20.0516,0.0740239,0.01
20.1154,0.0746625,0.01
20.1796,0.0753039,0.01
20.2435,0.0759435,0.01
20.3075,0.0765828,0.01
20.3714,0.0772217,0.01
20.4353,0.0778614,0.01
20.4994,0.0785025,0.01
20.5633,0.0791407,0.01
20.6273,0.0797806,0.01
20.6913,0.0804208,0.01
20.7553,0.0810614,0.01
20.8193,0.081701,0.01
20.8831,0.0823393,0.01
20.9473,0.0829814,0.01
21.0114,0.0836221,0.01
21.0751,0.084259,0.01
21.1394,0.0849019,0.01
21.2034,0.0855418,0.01
21.2671,0.0861787,0.01
21.3311,0.0868188,0.01
21.3951,0.0874588,0.01
21.459,0.0880977,0.01
21.523,0.0887381,0.01
21.587,0.089378,0.01
21.6512,0.0900205,0.01
21.7152,0.0906603,0.01
21.779,0.0912982,0.01
21.8431,0.0919396,0.01
21.9072,0.0925804,0.01
21.971,0.0932183,0.01
22.0349,0.0938572,0.01
22.0991,0.0944993,0.01
22.1629,0.095137,0.01
22.2269,0.0957774,0.01
22.2909,0.0964174,0.01
22.3551,0.0970593,0.01
22.419,0.0976982,0.01
22.4828,0.098336,0.01
22.547,0.0989781,0.01
22.611,0.0996181,0.01
22.6748,0.100256,0.01
22.7389,0.100897,0.01
22.803,0.101538,0.01
22.8667,0.102175,0.01
22.9307,0.102816,0.01
22.9947,0.103455,0.01
23.0587,0.104096,0.01
23.1228,0.104736,0.01
23.1868,0.105376,0.01
23.2508,0.106016,0.01
23.3148,0.106657,0.01
23.3786,0.107295,0.01
23.4428,0.107936,0.01
23.5069,0.108577,0.01
23.5707,0.109215,0.01
23.6347,0.109855,0.01
23.6988,0.110496,0.01
23.7626,0.111134,0.01
23.8266,0.111774,0.01
23.8905,0.112413,0.01
23.9548,0.113056,0.01
24.0188,0.113696,0.01
24.0825,0.114333,0.01
24.1467,0.114975,0.01
24.2108,0.115616,0.01
24.2745,0.116253,0.01
24.3385,0.116893,0.01
24.4026,0.117534,0.01
24.4665,0.118173,0.01
24.5305,0.118813,0.01
24.5944,0.119452,0.01
24.6586,0.120094,0.01
24.7225,0.120733,0.01
24.7864,0.121372,0.01
24.8505,0.122013,0.01
24.9146,0.122654,0.01
24.9784,0.123292,0.01
25.0424,0.123932,0.01
25.1066,0.124575,0.01
25.1703,0.125211,0.01
25.2344,0.125852,0.01
25.2983,0.126491,0.01
25.3624,0.127132,0.01
25.4264,0.127772,0.01
25.4904,0.128412,0.01
25.5546,0.129054,0.01
25.6185,0.129693,0.01
25.6822,0.13033,0.01
25.7463,0.130971,0.01
25.8105,0.131613,0.01
25.8741,0.13225,0.01
25.9382,0.13289,0.01
26.0025,0.133533,0.01
26.0662,0.13417,0.01
26.1302,0.13481,0.01
26.1942,0.13545,0.01
26.2583,0.136091,0.01
26.3224,0.136732,0.01
26.3862,0.13737,0.01
26.4502,0.13801,0.01
26.5143,0.138651,0.01
26.5781,0.139289,0.01
26.6422,0.13993,0.01
26.7062,0.14057,0.01
26.7701,0.141209,0.01
26.8341,0.141849,0.01
26.898,0.142488,0.01
26.962,0.143128,0.01
27.026,0.143768,0.01
27.0902,0.14441,0.01
27.1542,0.14505,0.01
27.2181,0.145689,0.01
27.282,0.146328,0.01
27.346,0.146968,0.01
27.4102,0.14761,0.01
27.4739,0.148247,0.01
27.538,0.148888,0.01
27.602,0.149528,0.01
27.666,0.150168,0.01
27.7299,0.150808,0.01
27.7938,0.151446,0.01
27.858,0.152089,0.01
27.9221,0.152729,0.01
27.9858,0.153367,0.01
28.05,0.154008,0.01
28.114,0.154648,0.01
28.1777,0.155286,0.01
28.2418,0.155926,0.01
28.306,0.156568,0.01
28.3698,0.157206,0.01
28.4338,0.157846,0.01
28.4978,0.158486,0.01
28.5619,0.159127,0.01
28.6258,0.159766,0.01
28.6897,0.160405,0.01
28.7538,0.161047,0.01
28.8179,0.161687,0.01
28.8817,0.162325,0.01
28.9457,0.162966,0.01
29.0099,0.163607,0.01
29.0737,0.164245,0.01
29.1376,0.164884,0.01
29.2016,0.165524,0.01
29.2656,0.166164,0.01
29.3296,0.166804,0.01
29.3935,0.167443,0.01
29.4577,0.168085,0.01
29.5218,0.168726,0.01
29.5855,0.169363,0.01
29.6496,0.170004,0.01
29.7137,0.170646,0.01
29.7775,0.171283,0.01
29.8414,0.171922,0.01
29.9056,0.172564,0.01
29.9694,0.173202,0.01
30.0334,0.173842,0.01
30.0974,0.174482,0.01
30.1617,0.175125,0.01
30.2255,0.175764,0.01
30.2894,0.176403,0.01
30.3537,0.177045,0.01
30.4175,0.177683,0.01
30.4813,0.178321,0.01
30.5454,0.178962,0.01
30.6095,0.179603,0.01
30.6733,0.180241,0.01
30.7373,0.180881,0.01
30.8012,0.18152,0.01
30.8652,0.18216,0.01
30.9293,0.182801,0.01
30.9933,0.183441,0.01
31.0574,0.184082,0.01
31.1215,0.184723,0.01
31.1852,0.18536,0.01
31.2493,0.186001,0.01
31.3134,0.186643,0.01
31.3772,0.18728,0.01
31.4411,0.187919,0.01
31.5052,0.18856,0.01
31.5691,0.189199,0.01
31.6332,0.18984,0.01
31.6977,0.190485,0.01
31.7613,0.191121,0.01
31.8253,0.191761,0.01
31.8891,0.192399,0.01
31.9532,0.19304,0.01
32.0173,0.193681,0.01
32.0811,0.194319,0.01
32.1451,0.194959,0.01
32.2092,0.1956,0.01
32.273,0.196238,0.01
32.337,0.196878,0.01
32.4011,0.197519,0.01
32.4652,0.19816,0.01
32.5291,0.198799,0.01
32.5929,0.199438,0.01
32.6572,0.20008,0.01
32.7211,0.200719,0.01
32.7849,0.201358,0.01
32.8492,0.202,0.01
32.9132,0.20264,0.01
32.9769,0.203277,0.01
33.041,0.203918,0.01
33.1048,0.204557,0.01
33.1692,0.2052,0.01
33.2331,0.205839,0.01
33.2968,0.206476,0.01
33.361,0.207118,0.01
33.425,0.207758,0.01
33.4889,0.208397,0.01
33.5531,0.209039,0.01
33.6171,0.209679,0.01
33.6808,0.210316,0.01
33.7448,0.210956,0.01
33.8088,0.211596,0.01
33.8729,0.212237,0.01
33.937,0.212878,0.01
34.0008,0.213516,0.01
34.0652,0.21416,0.01
34.1289,0.214797,0.01
34.1927,0.215435,0.01
34.2567,0.216075,0.01
34.3207,0.216715,0.01
34.3848,0.217356,0.01
34.4489,0.217997,0.01
34.5126,0.218634,0.01
34.5769,0.219277,0.01
34.6409,0.219917,0.01
34.7047,0.220555,0.01
34.7686,0.221195,0.01
34.8327,0.221835,0.01
34.8967,0.222475,0.01
34.9607,0.223115,0.01
35.0245,0.223745,0.00987242
35.0888,0.224371,0.00974391
35.1527,0.224986,0.00961597
35.2166,0.225592,0.00948822
35.2805,0.226191,0.00936038
35.3446,0.226783,0.00923217
35.4085,0.227364,0.00910454
35.4724,0.227938,0.00897657
35.5365,0.228504,0.00884852
35.6006,0.229063,0.00872032
35.6646,0.229614,0.00859221
35.7284,0.230154,0.00846466
35.7926,0.230688,0.00833633
35.8566,0.231214,0.00820818
35.9204,0.23173,0.00808064
35.9844,0.232239,0.00795267
36.0484,0.23274,0.00782456
36.1126,0.233233,0.00769632
36.1766,0.233718,0.00756821
36.2404,0.234193,0.00744058
36.3044,0.23466,0.00731273
36.3685,0.235121,0.0071845
36.4323,0.235571,0.0070569
36.4963,0.236015,0.00692888
36.5603,0.23645,0.00680083
36.6244,0.236878,0.00667267
36.6884,0.237297,0.00654467
36.7522,0.237706,0.00641706
36.8165,0.23811,0.00628854
36.8803,0.238504,0.00616077
36.9442,0.238889,0.00603302
37.0084,0.239268,0.0059047
37.0723,0.239637,0.00577688
37.1361,0.239998,0.00564923
37.2001,0.240351,0.00552122
37.2642,0.240696,0.00539313
37.3284,0.241035,0.00526468
37.3922,0.241363,0.00513699
37.456,0.241682,0.0050094
37.5203,0.241996,0.00488079
37.5843,0.2423,0.00475293
37.6481,0.242595,0.00462533
37.7121,0.242883,0.00449725
37.7761,0.243163,0.00436928
37.8403,0.243435,0.0042409
37.9042,0.243698,0.00411294
37.968,0.243952,0.00398549
38.0323,0.2442,0.00385691
38.0961,0.244438,0.00372915
38.16,0.244668,0.00360151
38.224,0.24489,0.0034734
38.288,0.245104,0.00334545
38.3521,0.245311,0.00321726
38.4161,0.245508,0.00308926
38.4799,0.245697,0.00296166
38.544,0.245879,0.00283342
38.6081,0.246052,0.00270525
38.6719,0.246217,0.00257763
38.7361,0.246374,0.00244933
38.8,0.246522,0.00232138
38.864,0.246663,0.0021935
38.9279,0.246795,0.0020656
38.9918,0.246919,0.00193779
39.056,0.247035,0.0018094
39.1201,0.247142,0.00168133
39.1838,0.247242,0.00155379
39.248,0.247333,0.0014255
39.312,0.247416,0.00129749
39.3759,0.247491,0.00116961
39.4398,0.247557,0.00104189
39.504,0.247616,0.000913493
39.5678,0.247666,0.00078591
39.6317,0.247708,0.000658017
39.6956,0.247742,0.000530196
39.76,0.247768,0.000401504
39.8238,0.247785,0.000273781
39.8876,0.247795,0.000146141
39.9518,0.247796,1.79154e-05
40.0158,0.198258,1.79154e-05
40.0797,0.198258,1.79154e-05
40.1437,0.198258,1.79154e-05
40.2077,0.198258,1.79154e-05
40.2716,0.198258,1.79154e-05
40.3356,0.198258,1.79154e-05
40.3994,0.198258,1.79154e-05
40.4635,0.198258,1.79154e-05
40.5275,0.198258,1.79154e-05
40.5915,0.198258,1.79154e-05
40.6556,0.198258,1.79154e-05
40.7195,0.198258,1.79154e-05
40.7833,0.198258,1.79154e-05
40.8474,0.198258,1.79154e-05
40.9116,0.198258,1.79154e-05
40.9754,0.198258,1.79154e-05
41.0394,0.198258,1.79154e-05
41.1036,0.198258,1.79154e-05
41.1674,0.198258,1.79154e-05
41.2313,0.198258,1.79154e-05
41.2955,0.198258,1.79154e-05
41.3595,0.198258,1.79154e-05
41.4233,0.198258,1.79154e-05
41.4873,0.198258,1.79154e-05
41.5515,0.198258,1.79154e-05
41.6155,0.198258,1.79154e-05
41.6792,0.198258,1.79154e-05
41.7434,0.198258,1.79154e-05
41.8072,0.198258,1.79154e-05
41.8712,0.198258,1.79154e-05
41.9352,0.198258,1.79154e-05
41.9993,0.198258,1.79154e-05
42.0633,4.0982e-06,6.40172e-05
42.1272,1.22762e-05,0.000127938
42.1913,2.45908e-05,0.000192058
42.2551,4.09053e-05,0.000255829
42.3191,6.13741e-05,0.000319828
42.383,8.59115e-05,0.000383767
42.4472,0.000114671,0.000447967
42.5113,0.000147501,0.000512077
42.5752,0.000184251,0.000575892
42.6392,0.000225206,0.000639895
42.7032,0.000270264,0.000703906
42.7673,0.000319495,0.000768008
42.8312,0.000372669,0.000831926
42.895,0.000429867,0.000895777
42.9594,0.000491679,0.000960155
43.0232,0.000556954,0.00102391
43.087,0.000626387,0.00108774
43.151,0.000700073,0.00115172
43.2151,0.000778077,0.00121587
43.279,0.000859792,0.00127973
43.343,0.00094577,0.00134371
43.407,0.00103587,0.00140772
43.4711,0.00113021,0.00147182
43.535,0.00122843,0.00153577
43.5989,0.00133062,0.00159965
43.6631,0.00143739,0.00166382
43.7269,0.00154768,0.00172766
43.7908,0.00166205,0.0017915
43.8549,0.00178113,0.00185567
43.9189,0.001904,0.00191968
43.9828,0.00203059,0.0019835
44.0468,0.00216165,0.00204751
44.1108,0.00229681,0.00211152
44.1749,0.00243626,0.00217561
44.2389,0.00257974,0.00223968
44.3027,0.00272656,0.00230342
44.3668,0.00287837,0.00236754
44.4308,0.00303408,0.00243158
44.4947,0.00319346,0.00249545
44.5588,0.00335746,0.00255952
44.6228,0.0035255,0.00262357
44.6868,0.00369729,0.00268749
44.7506,0.00387307,0.00275138
44.8146,0.00405316,0.00281535
44.8786,0.00423747,0.00287936
44.9426,0.00442589,0.00294337
45.0066,0.0046184,0.00300739
45.0707,0.00481512,0.00307143
45.1347,0.00501575,0.00313542
45.1985,0.00522005,0.00319928
45.2626,0.00542913,0.00326335
45.3266,0.00564209,0.00332735
45.3906,0.00585902,0.00339132
45.4547,0.00608046,0.0034554
45.5186,0.00630557,0.00351937
45.5824,0.00653406,0.00358314
45.6464,0.00676765,0.00364718
45.7104,0.00700513,0.00371117
45.7748,0.00724826,0.00377557
45.8386,0.00749309,0.00383934
45.9025,0.00774236,0.0039032
45.9665,0.00799642,0.00396724
46.0303,0.00825378,0.00403108
46.0944,0.00851606,0.00409513
46.1584,0.0087821,0.00415909
46.2224,0.00905242,0.00422311
46.2866,0.00932787,0.00428735
46.3506,0.00960625,0.00435133
46.4143,0.00988744,0.00441502
46.4786,0.0101756,0.00447934
46.5425,0.0104657,0.00454321
46.6063,0.0107598,0.00460704
46.6703,0.0110586,0.00467102
46.7345,0.0113626,0.0047352
46.7983,0.011669,0.00479906
46.8622,0.0119796,0.00486293
46.9263,0.0122956,0.00492706
46.9904,0.0126155,0.00499115
47.0544,0.0129355,0.005
47.1182,0.0132545,0.005
47.1822,0.0135744,0.005
47.2462,0.0138946,0.005
47.3103,0.0142149,0.005
47.3743,0.014535,0.005
47.4381,0.0148542,0.005
47.5022,0.0151744,0.005
47.5664,0.0154954,0.005
47.6302,0.0158142,0.005
47.6943,0.0161349,0.005
47.7583,0.0164548,0.005
47.8222,0.0167743,0.005
47.886,0.0170937,0.005
47.95,0.0174136,0.005
48.0143,0.0177347,0.005
48.0781,0.0180541,0.005
48.1421,0.0183738,0.005
48.2063,0.0186951,0.005
48.2703,0.0190149,0.005
48.3341,0.0193339,0.005
48.398,0.0196532,0.005
48.462,0.0199732,0.005
48.5262,0.0202943,0.005
48.5901,0.0206137,0.005
48.6539,0.0209329,0.005
48.7182,0.0212544,0.005
48.7821,0.0215739,0.005
48.8459,0.0218928,0.005
48.9099,0.0222129,0.005
48.9739,0.0225329,0.005
49.038,0.0228533,0.005
49.1021,0.0231738,0.005
49.1658,0.0234923,0.005
49.23,0.0238134,0.005
49.2938,0.0241327,0.005
49.3579,0.0244531,0.005
49.4218,0.0247725,0.005
49.4857,0.0250921,0.005
49.5499,0.0254131,0.005
49.614,0.0257335,0.005
49.6777,0.026052,0.005
49.742,0.0263735,0.005
49.8059,0.0266931,0.005
49.8698,0.0270125,0.005
49.9338,0.0273323,0.005
49.9977,0.0276517,0.005
50.0617,0.0279718,0.005
50.1256,0.0282915,0.005
50.1896,0.0286115,0.005
50.254,0.0289333,0.005
50.3178,0.0292524,0.005
50.3815,0.0295711,0.005
50.4458,0.0298925,0.005
50.5097,0.0302117,0.005
50.5735,0.0305311,0.005
50.6375,0.0308511,0.005
50.7016,0.0311712,0.005
50.7658,0.0314926,0.005
50.8298,0.0318124,0.005
50.8935,0.0321311,0.005
50.9575,0.0324508,0.005
51.0216,0.0327713,0.005
51.0855,0.0330911,0.005
51.1495,0.033411,0.005
51.2134,0.0337304,0.005
51.2774,0.0340503,0.005
51.3416,0.0343713,0.005
51.4055,0.0346909,0.005
51.4695,0.0350108,0.005
51.5334,0.0353305,0.005
51.5973,0.0356498,0.005
51.6613,0.0359699,0.005
51.7255,0.0362907,0.005
51.7894,0.0366102,0.005
51.8533,0.0369298,0.005
51.9174,0.0372503,0.005
51.9813,0.03757,0.005
52.0454,0.0378904,0.005
52.1092,0.0382096,0.005
52.1733,0.0385302,0.005
52.2372,0.0388495,0.005
52.3012,0.0391697,0.005
52.3652,0.0394895,0.005
52.4293,0.0398098,0.005
52.4933,0.0401299,0.005
52.5571,0.040449,0.005
52.6211,0.0407691,0.005
52.6852,0.0410893,0.005
52.7492,0.0414095,0.005
52.8132,0.0417296,0.005
52.8772,0.0420494,0.005
52.9413,0.0423699,0.005
53.0051,0.0426889,0.005
53.0691,0.043009,0.005
53.1331,0.0433289,0.005
53.1971,0.0436489,0.005
53.2611,0.043969,0.005
53.3251,0.044289,0.005
53.3889,0.0446081,0.005
53.4531,0.0449289,0.005
53.5171,0.0452489,0.005
53.5809,0.0455682,0.005
53.645,0.0458884,0.005
53.709,0.0462085,0.005
53.773,0.0465286,0.005
53.837,0.0468486,0.005
53.901,0.0471682,0.005
53.9649,0.0474878,0.005
54.0289,0.0478081,0.005
54.0929,0.0481281,0.005
54.1569,0.0484481,0.005
54.2209,0.0487681,0.005
54.285,0.0490885,0.005
54.3491,0.0494089,0.005
54.4128,0.0497275,0.005
54.4768,0.0500474,0.005
54.5408,0.0503674,0.005
54.6048,0.0506873,0.005
54.669,0.0510085,0.005
54.733,0.0513285,0.005
54.7967,0.0516469,0.005
54.8608,0.0519673,0.005
54.9249,0.0522878,0.005
54.9887,0.0526071,0.005
55.0527,0.052927,0.005
55.1166,0.0532464,0.005
55.1806,0.0535664,0.005
55.2446,0.0538866,0.005
55.3086,0.0542066,0.005
55.3727,0.0545271,0.005
55.4368,0.0548474,0.005
55.5006,0.0551666,0.005
55.5647,0.0554869,0.005
55.6288,0.0558072,0.005
55.6926,0.0561262,0.005
55.7566,0.0564464,0.005
55.8207,0.0567668,0.005
55.8844,0.0570855,0.005
55.9484,0.0574056,0.005
56.0124,0.0577255,0.005
56.0767,0.0580467,0.005
56.1407,0.0583667,0.005
56.2045,0.0586857,0.005
56.2687,0.0590068,0.005
56.3325,0.0593261,0.005
56.3963,0.0596452,0.005
56.4604,0.0599656,0.005
56.5246,0.0602864,0.005
56.5884,0.0606053,0.005
56.6524,0.0609253,0.005
56.7163,0.0612448,0.005
56.7804,0.0615655,0.005
56.8443,0.0618848,0.005
56.9083,0.0622048,0.005
56.9724,0.0625257,0.005
57.0365,0.062846,0.005
57.1002,0.0631644,0.005
57.1642,0.0634844,0.005
57.2282,0.0638043,0.005
57.2922,0.0641247,0.005
57.3562,0.0644446,0.005
57.4203,0.0647648,0.005
57.4842,0.0650847,0.005
57.5483,0.0654049,0.005
57.6121,0.0657242,0.005
57.6761,0.0660439,0.005
57.7402,0.0663642,0.005
57.8042,0.0666842,0.005
57.8684,0.0670056,0.005
57.9322,0.0673246,0.005
57.996,0.0676436,0.005
58.0602,0.0679646,0.005
58.1242,0.0682846,0.005
58.188,0.0686035,0.005
58.252,0.0689236,0.005
58.316,0.0692436,0.005
58.3802,0.0695645,0.005
58.4442,0.0698842,0.005
58.5079,0.0702031,0.005
58.572,0.0705232,0.005
58.6361,0.0708437,0.005
58.6998,0.0711627,0.005
58.7638,0.0714825,0.005
58.8278,0.0718026,0.005
58.8921,0.0721239,0.005
58.956,0.0724435,0.005
59.0198,0.0727626,0.005
59.0839,0.073083,0.005
59.148,0.0734032,0.005
59.2118,0.0737222,0.005
59.2759,0.0740427,0.005
59.34,0.0743633,0.005
59.4038,0.0746822,0.005
59.4678,0.0750024,0.005
59.5318,0.0753223,0.005
59.5959,0.075643,0.005
59.66,0.0759632,0.005
59.7238,0.0762824,0.005
59.788,0.0766036,0.005
59.8519,0.0769229,0.005
59.9157,0.0772419,0.005
59.9801,0.0775637,0.005
60.0438,0.0778824,0.005
60.1077,0.078202,0.005
60.1717,0.0785221,0.005
60.2357,0.0788421,0.005
60.2998,0.0791626,0.005
60.3638,0.0794825,0.005
60.4276,0.0798015,0.005
60.492,0.0801232,0.005
60.5558,0.0804425,0.005
60.6196,0.0807616,0.005
60.6836,0.0810817,0.005
60.7477,0.0814018,0.005
60.8119,0.0817228,0.005
60.8756,0.0820416,0.005
60.9395,0.082361,0.005
61.0037,0.0826817,0.005
61.0676,0.0830014,0.005
61.1315,0.0833207,0.005
61.1954,0.0836406,0.005
61.2595,0.0839608,0.005
61.3235,0.0842807,0.005
61.3875,0.0846008,0.005
61.4515,0.0849208,0.005
61.5156,0.0852414,0.005
61.5797,0.085562,0.005
61.6434,0.0858803,0.005
61.7074,0.0862003,0.005
61.7714,0.0865203,0.005
61.8354,0.0868406,0.005
61.8994,0.0871605,0.005
61.9634,0.0874806,0.005
62.0275,0.087801,0.005
62.0916,0.0881215,0.005
62.1554,0.0884407,0.005
62.2193,0.0887601,0.005
62.2833,0.08908,0.005
62.3473,0.0893999,0.005
62.4113,0.08972,0.005
62.4754,0.0900405,0.005
62.5394,0.0903606,0.005
62.6034,0.0906806,0.005
62.6672,0.0909995,0.005
62.7314,0.0913206,0.005
62.7954,0.0916404,0.005
62.8592,0.0919597,0.005
62.9232,0.0922797,0.005
62.9873,0.0925998,0.005
63.0514,0.0929203,0.005
63.1154,0.0932404,0.005
63.1792,0.0935592,0.005
63.2433,0.0938802,0.005
63.3073,0.0941998,0.005
63.3712,0.0945194,0.005
63.435,0.0948386,0.005
63.499,0.0951587,0.005
63.5633,0.0954798,0.005
63.6273,0.0957999,0.005
63.6911,0.0961188,0.005
63.7555,0.0964407,0.005
63.8193,0.0967599,0.005
63.883,0.0970783,0.005
63.947,0.0973983,0.005
64.011,0.0977183,0.005
64.075,0.0980384,0.005
64.139,0.0983583,0.005
64.2029,0.0986777,0.005
64.2671,0.0989989,0.005
64.3309,0.099318,0.005
64.3949,0.0996379,0.005
64.459,0.0999583,0.005
64.5228,0.100277,0.005
64.5868,0.100597,0.005
64.6508,0.100917,0.005
64.7148,0.101237,0.005
64.7788,0.101557,0.005
64.8426,0.101877,0.005
64.9067,0.102197,0.005
64.9709,0.102518,0.005
65.0349,0.102838,0.005
65.0987,0.103157,0.005
65.1627,0.103477,0.005
65.2267,0.103797,0.005
65.2907,0.104117,0.005
65.3546,0.104437,0.005
65.4186,0.104756,0.005
65.4829,0.105078,0.005
65.5469,0.105398,0.005
65.6106,0.105717,0.005
65.6747,0.106037,0.005
65.7387,0.106357,0.005
65.8025,0.106676,0.005
65.8666,0.106996,0.005
65.9305,0.107316,0.005
65.9946,0.107636,0.005
66.0586,0.107956,0.005
66.1224,0.108276,0.005
66.1867,0.108597,0.005
66.2507,0.108917,0.005
66.3144,0.109235,0.005
66.3787,0.109557,0.005
66.4426,0.109877,0.005
66.5065,0.110196,0.005
66.5707,0.110517,0.005
66.6345,0.110836,0.005
66.6983,0.111155,0.005
66.7624,0.111475,0.005
66.8264,0.111795,0.005
66.8904,0.112115,0.005
66.9544,0.112435,0.005
67.0183,0.112755,0.005
67.0825,0.113076,0.005
67.1465,0.113396,0.005
67.2103,0.113715,0.005
67.2743,0.114035,0.005
67.3385,0.114356,0.005
67.4023,0.114675,0.005
67.4664,0.114995,0.005
67.5305,0.115316,0.005
67.5942,0.115634,0.005
67.6586,0.115957,0.005
67.7222,0.116274,0.005
67.7864,0.116596,0.005
67.8505,0.116916,0.005
67.9142,0.117235,0.005
67.9783,0.117551,0.00493593
68.0424,0.117863,0.00487187
68.1062,0.11817,0.00480808
68.1702,0.118473,0.00474409
68.2343,0.118774,0.00467991
68.2981,0.119068,0.0046161
68.3622,0.11936,0.00455207
68.426,0.119646,0.00448821
68.4902,0.11993,0.00442407
68.5542,0.120209,0.00436003
68.618,0.120483,0.0042962
68.6821,0.120755,0.00423213
68.7462,0.121022,0.00416806
68.8099,0.121283,0.00410431
68.874,0.121542,0.00404024
68.9382,0.121797,0.00397607
69.002,0.122047,0.00391226
69.066,0.122293,0.00384827
69.1298,0.122535,0.00378441
69.1941,0.122774,0.00372019
69.2581,0.123008,0.00365612
69.3218,0.123237,0.00359247
69.386,0.123463,0.00352829
69.4501,0.123685,0.00346416
69.5138,0.123902,0.00340045
69.5778,0.124115,0.00333646
69.642,0.124325,0.00327227
69.7058,0.12453,0.00320847
69.7699,0.124732,0.00314433
69.8337,0.124928,0.00308054
69.8979,0.125122,0.00301632
69.9618,0.125311,0.0029524
70.0257,0.125495,0.00288858
70.0898,0.125676,0.00282444
70.1537,0.125853,0.00276051
70.2177,0.126025,0.00269656
70.2818,0.126194,0.00263248
70.3458,0.126358,0.00256842
70.4096,0.126518,0.00250466
70.4736,0.126674,0.00244065
70.5378,0.126827,0.00237645
70.6016,0.126975,0.00231263
70.6656,0.127118,0.00224861
70.7296,0.127258,0.00218462
70.7938,0.127394,0.00212042
70.8577,0.127526,0.0020565
70.9215,0.127653,0.00199272
70.9856,0.127777,0.00192865
71.0497,0.127896,0.00186452
71.1135,0.128011,0.00180074
71.1778,0.128123,0.00173649
71.2416,0.128229,0.00167262
71.3054,0.128332,0.00160879
71.3694,0.128431,0.00154482
71.4334,0.128526,0.0014808
71.4976,0.128617,0.00141665
71.5615,0.128703,0.00135271
71.6253,0.128785,0.00128889
71.6895,0.128864,0.00122473
71.7537,0.128938,0.00116052
71.8174,0.129008,0.00109687
71.8814,0.129074,0.00103289
71.9454,0.129136,0.000968849
72.0094,0.129194,0.00090483
72.0733,0.129248,0.00084098
72.1373,0.129298,0.000776982
72.2015,0.129343,0.000712718
72.2656,0.129385,0.000648676
72.3292,0.129422,0.000584995
72.3934,0.129456,0.000520872
72.4575,0.129485,0.00045675
72.5213,0.12951,0.00039295
72.5854,0.129531,0.000328819
72.6494,0.129548,0.000264826
72.7132,0.129561,0.000201052
72.7772,0.12957,0.000137015
72.8412,0.129574,7.30124e-05
72.9051,0.129575,9.16771e-06
72.9691,0.10472,9.16771e-06
73.0331,0.10472,9.16771e-06
73.0973,0.10472,9.16771e-06
73.1613,0.10472,9.16771e-06
73.2251,0.10472,9.16771e-06
73.2892,0.10472,9.16771e-06
73.3532,0.10472,9.16771e-06
73.417,0.10472,9.16771e-06
73.481,0.10472,9.16771e-06
73.5452,0.10472,9.16771e-06
73.609,0.10472,9.16771e-06
73.673,0.10472,9.16771e-06
73.737,0.10472,9.16771e-06
73.8011,0.10472,9.16771e-06
73.8652,0.10472,9.16771e-06
73.9289,0.10472,9.16771e-06
73.993,0.10472,9.16771e-06
74.0571,4.09699e-06,6.40077e-05
74.1209,1.22681e-05,0.000127896
74.185,2.45722e-05,0.000191985
74.249,4.0955e-05,0.000255984
74.3129,6.13721e-05,0.000319823
74.3768,8.59213e-05,0.000383789
74.4409,0.00011459,0.000447809
74.5051,0.000147471,0.000512025
74.569,0.000184269,0.000575921
74.6329,0.000225154,0.000639821
74.697,0.000270327,0.000703988
74.7611,0.000319511,0.000768027
74.8249,0.000372561,0.000831805
74.8889,0.000429944,0.000895858
74.9529,0.000491371,0.000959855
75.0168,0.000556772,0.00102374
75.0807,0.00062627,0.00108764
75.1448,0.000700131,0.00115177
75.2086,0.00077771,0.00121559
75.2726,0.000859613,0.00127959
75.3367,0.000945673,0.00134364
75.4009,0.00103606,0.00140784
75.4649,0.00113031,0.00147188
75.5286,0.00122805,0.00153553
75.5929,0.00133104,0.0015999
75.6569,0.00143747,0.00166387
75.7206,0.00154748,0.00172755
75.7847,0.00166226,0.00179162
75.8487,0.00178117,0.00185569
75.9126,0.00190367,0.00191951
75.9766,0.00203078,0.00198359
76.0405,0.00216152,0.00204745
76.1047,0.00229716,0.00211168
76.1687,0.00243629,0.00217563
76.2325,0.00257929,0.00223948
76.2966,0.00272685,0.00230354
76.3606,0.00287847,0.00236758
76.4244,0.00303359,0.00243138
76.4885,0.0031934,0.00249542
76.5525,0.00335728,0.00255945
76.6164,0.00352503,0.0026234
76.6803,0.00369675,0.0026873
76.7446,0.0038736,0.00275157
76.8083,0.00405292,0.00281526
76.8723,0.00423715,0.00287925
76.9363,0.00442562,0.00294328
77.0006,0.00461876,0.0030075
77.0645,0.0048153,0.00307149
77.1284,0.00501537,0.0031353
77.1923,0.00522003,0.00319927
77.2565,0.0054296,0.00326349
77.3203,0.00564161,0.00332721
77.3842,0.00585861,0.0033912
77.4483,0.00607983,0.00345522
77.5123,0.00630509,0.00351923
77.5762,0.00653405,0.00358313
77.6403,0.0067679,0.00364725
77.7043,0.00700558,0.00371129
77.7684,0.00724739,0.00377534
77.8322,0.00749248,0.00383918
77.8963,0.00774243,0.00390322
77.9604,0.00799675,0.00396732
78.0241,0.00825349,0.00403101
78.0881,0.00851581,0.00409507
78.1523,0.00878256,0.0041592
78.216,0.00905197,0.004223
78.2801,0.0093266,0.00428706
78.3441,0.00960481,0.004351
78.4083,0.00988854,0.00441526
78.4722,0.0101747,0.00447914
78.536,0.0104644,0.00454293
78.6001,0.0107599,0.00460706
78.6641,0.0110588,0.00467105
78.7279,0.0113608,0.00473484
78.792,0.0116684,0.00479893
78.8561,0.0119802,0.00486305
78.9199,0.0122945,0.00492684
78.9842,0.0126153,0.00499112
79.0479,0.0129341,0.005
79.1119,0.013254,0.005
79.1759,0.0135741,0.005
79.2399,0.0138942,0.005
79.3041,0.0142152,0.005
79.3681,0.0145352,0.005
79.4318,0.0148536,0.005
79.4959,0.0151742,0.005
79.5601,0.0154949,0.005
79.6239,0.015814,0.005
79.6879,0.016134,0.005
79.7517,0.0164529,0.005
79.816,0.0167742,0.005
79.8798,0.0170936,0.005
79.9438,0.0174136,0.005
80.0078,0.0177336,0.005
80.0717,0.0180528,0.005
80.1357,0.0183728,0.005
80.1997,0.0186931,0.005
80.2637,0.019013,0.005
80.3277,0.0193331,0.005
80.3917,0.0196532,0.005
80.4557,0.019973,0.005
80.5197,0.0202931,0.005
80.5836,0.0206123,0.005
80.6476,0.0209323,0.005
80.7116,0.0212527,0.005
80.7755,0.0215719,0.005
80.8396,0.0218927,0.005
80.9037,0.022213,0.005
80.9677,0.0225328,0.005
81.0315,0.0228518,0.005
81.0955,0.0231722,0.005
81.1595,0.0234921,0.005
81.2235,0.0238121,0.005
81.2876,0.0241323,0.005
81.3516,0.0244524,0.005
81.4157,0.0247728,0.005
81.4796,0.0250925,0.005
81.5434,0.0254115,0.005
81.6074,0.0257315,0.005
81.6714,0.0260516,0.005
81.7355,0.0263718,0.005
81.7995,0.0266921,0.005
81.8633,0.0270111,0.005
81.9275,0.0273319,0.005
81.9916,0.0276524,0.005
82.0554,0.0279715,0.005
82.1193,0.0282912,0.005
82.1834,0.0286114,0.005
82.2474,0.0289315,0.005
82.3116,0.0292524,0.005
82.3753,0.029571,0.005
82.4395,0.029892,0.005
82.5035,0.0302118,0.005
82.5673,0.0305309,0.005
82.6313,0.0308509,0.005
82.6953,0.0311711,0.005
82.7595,0.031492,0.005
82.8235,0.0318118,0.005
82.8873,0.0321308,0.005
82.9514,0.0324513,0.005
83.0154,0.0327716,0.005
83.0792,0.0330904,0.005
83.1432,0.0334105,0.005
83.2071,0.0337298,0.005
83.2711,0.0340501,0.005
83.3351,0.0343698,0.005
83.3991,0.0346898,0.005
83.4634,0.0350112,0.005
83.5272,0.0353306,0.005
83.5911,0.0356501,0.005
83.655,0.0359696,0.005
83.719,0.0362894,0.005
83.783,0.0366095,0.005
83.847,0.0369296,0.005
83.911,0.0372496,0.005
83.9752,0.0375706,0.005
84.0392,0.0378903,0.005
84.1031,0.0382097,0.005
84.1673,0.0385308,0.005
84.2312,0.0388503,0.005
84.2949,0.039169,0.005
84.3589,0.039489,0.005
84.4228,0.0398087,0.005
84.4871,0.0401302,0.005
84.5511,0.0404502,0.005
84.615,0.0407693,0.005
84.6791,0.0410902,0.005
84.7432,0.0414103,0.005
84.8069,0.0417289,0.005
84.8709,0.0420488,0.005
84.9347,0.0423681,0.005
84.9989,0.0426891,0.005
85.063,0.0430096,0.005
85.1267,0.0433282,0.005
85.191,0.0436495,0.005
85.255,0.0439693,0.005
85.3188,0.0442884,0.005
85.3828,0.0446085,0.005
85.4467,0.0449278,0.005
85.5107,0.0452478,0.005
85.5747,0.0455681,0.005
85.6387,0.045888,0.005
85.7029,0.046209,0.005
85.7668,0.0465285,0.005
85.8307,0.0468481,0.005
85.8948,0.0471682,0.005
85.9589,0.047489,0.005
86.0226,0.0478074,0.005
86.0868,0.0481284,0.005
86.1508,0.0484485,0.005
86.2146,0.0487675,0.005
86.2785,0.0490869,0.005
86.3425,0.0494071,0.005
86.4065,0.0497271,0.005
86.4705,0.0500471,0.005
86.5345,0.0503672,0.005
86.5986,0.0506877,0.005
86.6627,0.0510082,0.005
86.7264,0.0513267,0.005
86.7905,0.051647,0.005
86.8547,0.0519678,0.005
86.9184,0.0522866,0.005
86.9824,0.0526067,0.005
87.0465,0.0529267,0.005
87.1105,0.0532471,0.005
87.1745,0.0535672,0.005
87.2383,0.0538861,0.005
87.3027,0.054208,0.005
87.3666,0.0545276,0.005
87.4303,0.0548461,0.005
87.4943,0.0551662,0.005
87.5586,0.0554874,0.005
87.6223,0.0558062,0.005
87.6863,0.0561258,0.005
87.7503,0.0564458,0.005
87.8143,0.0567657,0.005
87.8781,0.0570852,0.005
87.9422,0.0574054,0.005
88.0064,0.0577263,0.005
88.0703,0.0580461,0.005
88.1342,0.0583653,0.005
88.1983,0.0586859,0.005
88.2623,0.0590058,0.005
88.3262,0.0593255,0.005
88.3903,0.0596458,0.005
88.4543,0.0599659,0.005
88.5181,0.0602849,0.005
88.5821,0.060605,0.005
88.6461,0.0609252,0.005
88.7103,0.0612461,0.005
88.7742,0.0615656,0.005
88.8381,0.0618852,0.005
88.9023,0.0622061,0.005
88.9663,0.0625258,0.005
89.0301,0.0628448,0.005
89.0941,0.0631649,0.005
89.1582,0.0634855,0.005
89.2219,0.063804,0.005
89.2859,0.064124,0.005
89.3499,0.0644441,0.005
89.4142,0.0647653,0.005
89.478,0.0650847,0.005
89.5419,0.0654042,0.005
89.6061,0.0657248,0.005
89.6702,0.0660456,0.005
89.7338,0.0663636,0.005
89.7979,0.0666841,0.005
89.8621,0.0670048,0.005
89.9259,0.0673238,0.005
89.9899,0.0676438,0.005
90.0537,0.067963,0.005
90.118,0.0682847,0.005
90.182,0.0686046,0.005
90.2458,0.0689234,0.005
90.31,0.0692443,0.005
90.374,0.0695645,0.005
90.4378,0.0698835,0.005
90.5019,0.0702038,0.005
90.566,0.0705244,0.005
90.6298,0.0708435,0.005
90.6937,0.0711628,0.005
90.7577,0.0714828,0.005
90.8217,0.0718028,0.005
90.8857,0.0721229,0.005
90.9496,0.0724423,0.005
91.0139,0.0727638,0.005
91.0778,0.0730836,0.005
91.1416,0.0734025,0.005
91.2057,0.0737229,0.005
91.2698,0.0740433,0.005
91.3336,0.0743626,0.005
91.3977,0.0746829,0.005
91.4618,0.0750037,0.005
91.5255,0.0753221,0.005
91.5895,0.0756422,0.005
91.6535,0.075962,0.005
91.7177,0.076283,0.005
91.7818,0.0766033,0.005
91.8456,0.0769223,0.005
91.9096,0.0772426,0.005
91.9737,0.0775629,0.005
92.0374,0.0778817,0.005
92.1014,0.0782017,0.005
92.1654,0.0785217,0.005
92.2295,0.0788418,0.005
92.2935,0.0791618,0.005
92.3574,0.0794816,0.005
92.4216,0.0798027,0.005
92.4855,0.0801218,0.005
92.5494,0.0804413,0.005
92.6133,0.0807612,0.005
92.6772,0.0810806,0.005
92.7415,0.0814017,0.005
92.8055,0.081722,0.005
92.8694,0.0820416,0.005
92.9334,0.0823616,0.005
92.9975,0.0826818,0.005
93.0613,0.0830009,0.005
93.1252,0.0833204,0.005
93.1894,0.0836412,0.005
93.2532,0.0839603,0.005
93.3172,0.0842804,0.005
93.3812,0.0846002,0.005
93.4454,0.0849216,0.005
93.5094,0.0852415,0.005
93.5731,0.0855598,0.005
93.6373,0.0858809,0.005
93.7014,0.0862016,0.005
93.7651,0.0865202,0.005
93.8292,0.0868403,0.005
93.8932,0.0871606,0.005
93.9571,0.0874799,0.005
94.021,0.0877994,0.005
94.085,0.0881194,0.005
94.1491,0.0884398,0.005
94.2131,0.08876,0.005
94.2769,0.0890789,0.005
94.3411,0.0893999,0.005
94.4051,0.08972,0.005
94.4689,0.0900391,0.005
94.5331,0.09036,0.005
94.597,0.0906797,0.005
94.6609,0.0909992,0.005
94.725,0.0913193,0.005
94.7889,0.0916392,0.005
94.8528,0.0919584,0.005
94.9168,0.0922785,0.005
94.9809,0.0925988,0.005
95.045,0.0929196,0.005
95.1089,0.0932392,0.005
95.1727,0.0935581,0.005
95.2371,0.0938799,0.005
95.301,0.0941992,0.005
95.3648,0.0945184,0.005
95.4288,0.0948384,0.005
95.4928,0.0951583,0.005
95.5567,0.0954778,0.005
95.6208,0.0957984,0.005
95.6847,0.0961177,0.005
95.7488,0.0964386,0.005
95.8129,0.096759,0.005
95.8767,0.0970778,0.005
95.9407,0.0973979,0.005
96.0047,0.0977179,0.005
96.0688,0.0980385,0.005
96.1329,0.098359,0.005
96.1967,0.0986781,0.005
96.2609,0.0989987,0.005
96.3249,0.0993191,0.005
96.3886,0.0996376,0.005
96.4526,0.0999574,0.005
96.5165,0.100277,0.005
96.5808,0.100598,0.005
96.6447,0.100918,0.005
96.7085,0.101237,0.005
96.7728,0.101559,0.005
96.8366,0.101878,0.005
96.9005,0.102197,0.005
96.9644,0.102517,0.005
97.0285,0.102837,0.005
97.0924,0.103157,0.005
97.1564,0.103477,0.005
97.2204,0.103797,0.005
97.2847,0.104118,0.005
97.3485,0.104437,0.005
97.4125,0.104757,0.005
97.4766,0.105078,0.005
97.5405,0.105397,0.005
97.6044,0.105716,0.005
97.6684,0.106036,0.005
97.7324,0.106356,0.005
97.7966,0.106677,0.005
97.8605,0.106997,0.005
97.9242,0.107316,0.005
97.9884,0.107637,0.005
98.0526,0.107957,0.005
98.1162,0.108276,0.005
98.1803,0.108596,0.005
98.2443,0.108916,0.005
98.3085,0.109237,0.005
98.3724,0.109556,0.005
98.4362,0.109875,0.005
98.5005,0.110197,0.005
98.5643,0.110516,0.005
98.6282,0.110835,0.005
98.6922,0.111156,0.005
98.7562,0.111476,0.005
98.8201,0.111795,0.005
98.8841,0.112115,0.005
98.9481,0.112435,0.005
99.0123,0.112756,0.005
99.0762,0.113076,0.005
99.1401,0.113395,0.005
99.2042,0.113716,0.005
99.2682,0.114036,0.005
99.332,0.114355,0.005
99.396,0.114675,0.005
99.46,0.114994,0.005
99.524,0.115315,0.005
99.5881,0.115635,0.005
99.6519,0.115954,0.005
99.7161,0.116275,0.005
99.7801,0.116595,0.005
99.8439,0.116914,0.005
99.908,0.117235,0.005
99.9721,0.117551,0.00493589
100.036,0.117861,0.0048722
100.1,0.118169,0.00480814
100.164,0.118474,0.00474397
100.228,0.118772,0.00468015
100.292,0.119068,0.00461618
100.356,0.119359,0.00455214
100.42,0.119648,0.00448791
100.484,0.119931,0.00442393
100.548,0.120208,0.00436023
100.612,0.120483,0.00429618
100.676,0.120755,0.00423202
100.74,0.121021,0.00416821
100.804,0.121284,0.00410403
100.868,0.121543,0.00404003
100.932,0.121797,0.00397623
100.996,0.122047,0.00391219
101.06,0.122293,0.00384836
101.124,0.122536,0.00378407
101.188,0.122774,0.00372006
101.252,0.123007,0.00365631
101.316,0.123238,0.00359222
101.38,0.123463,0.0035282
101.444,0.123684,0.00346444
101.508,0.123903,0.00340026
101.572,0.124116,0.00333618
101.636,0.124325,0.00327239
101.7,0.12453,0.0032084
101.764,0.124732,0.00314441
101.828,0.12493,0.00307991
101.892,0.125122,0.00301622
101.956,0.125311,0.00295246
102.02,0.125495,0.00288846
102.084,0.125676,0.00282445
102.148,0.125853,0.00276045
102.211,0.126025,0.00269658
102.275,0.126193,0.00263262
102.34,0.126358,0.00256839
102.403,0.126518,0.00250461
102.467,0.126675,0.00244053
102.531,0.126827,0.00237656
102.596,0.126975,0.0023125
102.66,0.127119,0.00224838
102.723,0.127258,0.00218465
102.788,0.127394,0.00212051
102.852,0.127526,0.00205649
102.915,0.127653,0.00199253
102.979,0.127777,0.00192858
103.043,0.127896,0.0018646
103.108,0.128011,0.00180052
103.171,0.128122,0.00173664
103.235,0.128229,0.00167276
103.299,0.128332,0.00160873
103.363,0.128431,0.00154471
103.428,0.128526,0.0014805
103.491,0.128617,0.00141659
103.555,0.128703,0.00135269
103.619,0.128786,0.00128859
103.683,0.128864,0.00122452
103.747,0.128938,0.00116079
103.811,0.129008,0.0010968
103.875,0.129074,0.00103282
103.939,0.129136,0.000968734
104.003,0.129194,0.000904565
104.067,0.129248,0.000840942
104.131,0.129298,0.000776704
104.195,0.129343,0.00071268
104.259,0.129385,0.000648907
104.323,0.129422,0.000584897
104.387,0.129456,0.000520898
104.451,0.129485,0.0004567
104.515,0.12951,0.000392782
104.579,0.129531,0.000328996
104.643,0.129548,0.000264773
104.707,0.129561,0.000200868
104.771,0.12957,0.00013701
104.835,0.129574,7.29745e-05
104.899,0.129575,8.94227e-06
104.963,0.10472,8.94227e-06
105.027,0.10472,8.94227e-06
105.091,0.10472,8.94227e-06
105.155,0.10472,8.94227e-06
105.219,0.10472,8.94227e-06
105.283,0.10472,8.94227e-06
105.347,0.10472,8.94227e-06
105.411,0.10472,8.94227e-06
105.475,0.10472,8.94227e-06
105.539,0.10472,8.94227e-06
105.603,0.10472,8.94227e-06
105.667,0.10472,8.94227e-06
105.731,0.10472,8.94227e-06
105.795,0.10472,8.94227e-06
105.859,0.10472,8.94227e-06
105.923,0.10472,8.94227e-06
105.987,0.10472,8.94227e-06
106.051,0.10472,8.94227e-06
106.115,4.10913e-06,6.41025e-05
106.179,1.22756e-05,0.000127935
106.243,2.4559e-05,0.000191934
106.307,4.09574e-05,0.000255992
106.371,6.13829e-05,0.000319851
106.435,8.59431e-05,0.000383837
106.499,0.000114622,0.000447872
106.563,0.000147446,0.000511983
106.627,0.000184306,0.000575978
106.691,0.000225102,0.000639747
106.755,0.000270209,0.000703834
106.819,0.000319632,0.000768172
106.883,0.000372539,0.000831779
106.947,0.000429941,0.000895855
107.011,0.000491181,0.000959669
107.075,0.000556706,0.00102368
107.139,0.000626465,0.00108781
107.203,0.000700175,0.0011518
107.267,0.000778154,0.00121593
107.331,0.000860245,0.00128006
107.395,0.000945695,0.00134366
107.459,0.00103624,0.00140796
107.523,0.00113021,0.00147181
107.586,0.00122809,0.00153556
107.65,0.00133053,0.0015996
107.715,0.00143752,0.0016639
107.778,0.00154759,0.00172761
107.842,0.00166221,0.00179159
107.906,0.00178101,0.00185561
107.971,0.00190405,0.0019197
108.035,0.00203102,0.00198371
108.098,0.00216164,0.0020475
108.163,0.00229722,0.00211171
108.227,0.00243634,0.00217565
108.29,0.00257937,0.00223952
108.354,0.00272692,0.00230357
108.418,0.00287839,0.00236755
108.482,0.00303399,0.00243154
108.546,0.00319337,0.00249541
108.61,0.00335732,0.00255947
108.675,0.00352609,0.00262379
108.738,0.00369731,0.0026875
108.802,0.00387332,0.00275147
108.866,0.00405359,0.0028155
108.93,0.00423738,0.00287933
108.994,0.00442611,0.00294344
109.058,0.00461823,0.00300733
109.122,0.00481487,0.00307135
109.186,0.00501574,0.00313542
109.25,0.00522073,0.00319949
109.314,0.00542893,0.00326329
109.378,0.00564246,0.00332746
109.442,0.00585922,0.00339138
109.506,0.00607994,0.00345525
109.57,0.00630517,0.00351925
109.634,0.00653513,0.00358343
109.698,0.00676874,0.00364747
109.762,0.00700637,0.0037115
109.826,0.00724677,0.00377518
109.89,0.00749322,0.00383937
109.954,0.00774304,0.00390337
110.018,0.00799621,0.00396719
110.082,0.00825443,0.00403124
110.146,0.00851646,0.00409522
110.21,0.00878335,0.00415939
110.274,0.00905322,0.00422329
110.338,0.00932668,0.00428708
110.402,0.00960641,0.00435136
110.466,0.00988829,0.00441521
110.53,0.0101746,0.00447912
110.594,0.0104647,0.00454299
110.658,0.0107601,0.0046071
110.722,0.0110585,0.00467099
110.786,0.0113616,0.00473501
110.85,0.0116689,0.00479903
110.914,0.0119816,0.00486334
110.978,0.0122971,0.00492737
111.042,0.0126142,0.0049909
111.106,0.0129343,0.005
111.17,0.0132543,0.005
111.234,0.0135744,0.005
111.298,0.0138947,0.005
111.362,0.0142147,0.005
111.426,0.0145349,0.005
111.49,0.0148549,0.005
111.554,0.0151746,0.005
111.618,0.0154939,0.005
111.682,0.0158142,0.005
111.746,0.0161338,0.005
111.81,0.016454,0.005
111.874,0.0167741,0.005
111.938,0.0170943,0.005
112.002,0.0174141,0.005
112.066,0.0177342,0.005
112.13,0.0180537,0.005
112.194,0.0183735,0.005
112.258,0.0186937,0.005
112.322,0.0190144,0.005
112.386,0.0193344,0.005
112.45,0.0196536,0.005
112.514,0.0199732,0.005
112.578,0.0202932,0.005
112.642,0.0206132,0.005
112.706,0.0209332,0.005
112.77,0.0212532,0.005
112.834,0.0215745,0.005
112.898,0.0218941,0.005
112.962,0.0222136,0.005
113.026,0.0225336,0.005
113.09,0.0228538,0.005
113.153,0.0231728,0.005
113.218,0.0234938,0.005
113.282,0.0238139,0.005
113.346,0.0241332,0.005
113.41,0.024453,0.005
113.473,0.0247722,0.005
113.538,0.0250939,0.005
113.602,0.0254144,0.005
113.665,0.0257327,0.005
113.73,0.0260531,0.005
113.794,0.0263734,0.005
113.857,0.0266919,0.005
113.921,0.0270118,0.005
113.985,0.0273325,0.005
114.049,0.0276522,0.005
114.113,0.0279723,0.005
114.177,0.0282915,0.005
114.241,0.0286116,0.005
114.305,0.0289315,0.005
114.369,0.0292518,0.005
114.433,0.0295726,0.005
114.497,0.0298928,0.005
114.561,0.0302119,0.005
114.625,0.0305322,0.005
114.689,0.0308513,0.005
114.753,0.031171,0.005
114.817,0.0314914,0.005
114.881,0.0318115,0.005
114.945,0.0321312,0.005
115.009,0.0324514,0.005
115.073,0.0327707,0.005
115.137,0.0330925,0.005
115.201,0.033412,0.005
115.265,0.0337306,0.005
115.329,0.0340511,0.005
115.393,0.034371,0.005
115.457,0.0346903,0.005
115.521,0.0350109,0.005
115.585,0.0353302,0.005
115.649,0.0356505,0.005
115.713,0.0359705,0.005
115.777,0.0362906,0.005
115.841,0.0366099,0.005
115.905,0.0369306,0.005
115.969,0.0372498,0.005
116.033,0.037571,0.005
116.097,0.037891,0.005
116.161,0.0382102,0.005
116.225,0.0385302,0.005
116.289,0.0388503,0.005
116.353,0.0391702,0.005
116.417,0.0394903,0.005
116.481,0.0398094,0.005
116.545,0.0401297,0.005
116.609,0.0404496,0.005
116.673,0.0407689,0.005
116.737,0.0410903,0.005
116.801,0.0414107,0.005
116.865,0.0417292,0.005
116.929,0.0420492,0.005
116.993,0.0423693,0.005
117.057,0.0426892,0.005
117.121,0.0430092,0.005
117.185,0.0433293,0.005
117.249,0.0436486,0.005
117.313,0.0439688,0.005
117.377,0.0442888,0.005
117.441,0.0446097,0.005
117.505,0.0449295,0.005
117.569,0.0452482,0.005
117.633,0.0455689,0.005
117.697,0.045888,0.005
117.761,0.0462085,0.005
117.825,0.0465285,0.005
117.889,0.0468484,0.005
117.952,0.0471676,0.005
118.017,0.0474879,0.005
118.08,0.0478077,0.005
118.144,0.0481278,0.005
118.208,0.0484478,0.005
118.272,0.0487678,0.005
118.337,0.0490882,0.005
118.401,0.0494085,0.005
118.465,0.0497281,0.005
118.528,0.0500472,0.005
118.592,0.0503675,0.005
118.656,0.0506877,0.005
118.72,0.051007,0.005
118.784,0.0513268,0.005
118.848,0.0516473,0.005
118.912,0.051967,0.005
118.976,0.0522871,0.005
119.04,0.0526079,0.005
119.104,0.0529278,0.005
119.168,0.0532465,0.005
119.232,0.0535662,0.005
119.296,0.0538864,0.005
119.36,0.0542067,0.005
119.424,0.0545266,0.005
119.488,0.0548467,0.005
119.552,0.0551666,0.005
119.616,0.0554868,0.005
119.68,0.0558064,0.005
119.744,0.0561277,0.005
119.808,0.0564472,0.005
119.872,0.0567664,0.005
119.936,0.0570864,0.005
120,0.0574064,0.005
120.064,0.0577264,0.005
120.128,0.0580455,0.005
120.192,0.0583655,0.005
120.256,0.0586865,0.005
120.32,0.0590069,0.005
120.384,0.0593259,0.005
120.448,0.0596461,0.005
120.512,0.0599661,0.005
120.576,0.0602851,0.005
120.64,0.0606051,0.005
120.704,0.060925,0.005
120.768,0.0612452,0.005
120.832,0.0615654,0.005
120.896,0.0618854,0.005
120.96,0.0622055,0.005
121.024,0.0625256,0.005
121.088,0.0628456,0.005
121.152,0.0631654,0.005
121.216,0.0634847,0.005
121.28,0.0638048,0.005
121.344,0.0641251,0.005
121.408,0.0644452,0.005
121.472,0.0647662,0.005
121.536,0.0650858,0.005
121.6,0.0654045,0.005
121.664,0.0657248,0.005
121.728,0.0660447,0.005
121.792,0.0663647,0.005
121.856,0.0666848,0.005
121.92,0.067004,0.005
121.984,0.0673258,0.005
122.048,0.067645,0.005
122.112,0.0679642,0.005
122.176,0.0682844,0.005
122.24,0.0686043,0.005
122.304,0.0689234,0.005
122.368,0.0692435,0.005
122.432,0.0695639,0.005
122.496,0.0698837,0.005
122.56,0.0702037,0.005
122.624,0.0705238,0.005
122.688,0.0708431,0.005
122.752,0.0711632,0.005
122.816,0.0714831,0.005
122.88,0.071804,0.005
122.944,0.0721243,0.005
123.008,0.0724437,0.005
123.072,0.0727636,0.005
123.136,0.0730834,0.005
123.2,0.0734035,0.005
123.263,0.0737227,0.005
123.328,0.0740432,0.005
123.392,0.0743629,0.005
123.456,0.074683,0.005
123.52,0.0750032,0.005
123.584,0.0753233,0.005
123.648,0.075644,0.005
123.711,0.0759622,0.005
123.775,0.0762827,0.005
123.839,0.0766027,0.005
123.903,0.0769226,0.005
123.968,0.0772433,0.005
124.031,0.0775627,0.005
124.095,0.0778823,0.005
124.159,0.0782021,0.005
124.223,0.0785221,0.005
124.288,0.0788436,0.005
124.351,0.0791626,0.005
124.415,0.0794815,0.005
124.479,0.0798018,0.005
124.543,0.0801226,0.005
124.607,0.0804417,0.005
124.671,0.0807619,0.005
124.735,0.0810815,0.005
124.799,0.0814026,0.005
124.863,0.0817219,0.005
124.927,0.0820417,0.005
124.991,0.0823621,0.005
125.055,0.0826814,0.005
125.119,0.0830006,0.005
125.183,0.0833213,0.005
125.247,0.083642,0.005
125.311,0.0839606,0.005
125.375,0.0842805,0.005
125.439,0.0846006,0.005
125.503,0.0849217,0.005
125.567,0.0852412,0.005
125.631,0.0855601,0.005
125.695,0.0858806,0.005
125.759,0.0862012,0.005
125.823,0.0865202,0.005
125.887,0.0868417,0.005
125.951,0.0871608,0.005
126.015,0.0874802,0.005
126.079,0.0878003,0.005
126.143,0.0881198,0.005
126.207,0.0884411,0.005
126.271,0.088761,0.005
126.335,0.0890799,0.005
126.399,0.0894001,0.005
126.463,0.0897199,0.005
126.527,0.09004,0.005
126.591,0.0903595,0.005
126.655,0.09068,0.005
126.719,0.0910005,0.005
126.783,0.0913203,0.005
126.847,0.0916393,0.005
126.911,0.0919607,0.005
126.975,0.0922799,0.005
127.039,0.0925994,0.005
127.103,0.0929194,0.005
127.167,0.093239,0.005
127.231,0.09356,0.005
127.295,0.0938807,0.005
127.359,0.094199,0.005
127.423,0.0945202,0.005
127.487,0.0948398,0.005
127.551,0.0951585,0.005
127.615,0.0954787,0.005
127.679,0.0957988,0.005
127.743,0.0961181,0.005
127.807,0.0964381,0.005
127.871,0.0967588,0.005
127.935,0.0970792,0.005
127.999,0.0973999,0.005
128.063,0.0977183,0.005
128.127,0.0980398,0.005
128.191,0.0983594,0.005
128.255,0.0986783,0.005
128.319,0.0989984,0.005
128.383,0.0993186,0.005
128.447,0.0996394,0.005
128.511,0.0999593,0.005
128.574,0.100278,0.005
128.639,0.100598,0.005
128.703,0.100919,0.005
128.766,0.101238,0.005
128.83,0.101558,0.005
128.895,0.101878,0.005
128.958,0.102197,0.005
129.022,0.102517,0.005
129.086,0.102838,0.005
129.15,0.103158,0.005
129.214,0.103477,0.005
129.278,0.103797,0.005
129.343,0.104119,0.005
129.407,0.104438,0.005
129.47,0.104757,0.005
129.534,0.105077,0.005
129.598,0.105397,0.005
129.662,0.105717,0.005
129.726,0.106037,0.005
129.79,0.106356,0.005
129.854,0.106678,0.005
129.918,0.106998,0.005
129.982,0.107317,0.005
130.046,0.107637,0.005
130.11,0.107957,0.005
130.174,0.108277,0.005
130.238,0.108597,0.005
130.302,0.108917,0.005
130.366,0.109237,0.005
130.43,0.109557,0.005
130.494,0.109876,0.005
130.558,0.110196,0.005
130.622,0.110517,0.005
130.686,0.110836,0.005
130.75,0.111156,0.005
130.814,0.111476,0.005
130.878,0.111797,0.005
130.942,0.112117,0.005
131.006,0.112436,0.005
131.07,0.112757,0.005
131.134,0.113077,0.005
131.198,0.113395,0.005
131.262,0.113715,0.005
131.326,0.114036,0.005
131.39,0.114357,0.005
131.454,0.114676,0.005
131.518,0.114997,0.005
131.582,0.115317,0.005
131.646,0.115636,0.005
131.71,0.115955,0.005
131.774,0.116276,0.005
131.838,0.116596,0.005
131.902,0.116916,0.005
131.966,0.117235,0.005
132.03,0.117552,0.00493597
132.094,0.117863,0.00487201
132.158,0.118171,0.00480803
132.222,0.118475,0.00474394
132.286,0.118774,0.00467993
132.35,0.119068,0.00461621
132.414,0.119361,0.00455196
132.478,0.119648,0.00448809
132.542,0.11993,0.0044242
132.606,0.12021,0.00436006
132.67,0.120484,0.00429615
132.734,0.120756,0.00423204
132.798,0.121023,0.00416802
132.862,0.121285,0.00410415
132.926,0.121543,0.00404011
132.991,0.121802,0.00397495
133.054,0.122049,0.00391206
133.118,0.122295,0.00384803
133.182,0.122537,0.00378408
133.246,0.122775,0.00372008
133.31,0.123009,0.0036562
133.374,0.123239,0.00359217
133.438,0.123464,0.0035283
133.502,0.123686,0.00346425
133.566,0.123904,0.0034002
133.63,0.124117,0.0033363
133.694,0.124326,0.00327224
133.758,0.124531,0.00320831
133.822,0.124733,0.00314425
133.886,0.12493,0.00308029
133.95,0.125123,0.00301631
134.013,0.125311,0.00295262
134.077,0.125496,0.00288858
134.141,0.125677,0.00282462
134.205,0.125853,0.0027606
134.269,0.126026,0.0026966
134.333,0.126194,0.0026326
134.398,0.126359,0.00256837
134.462,0.12652,0.00250437
134.525,0.126675,0.00244057
134.589,0.126827,0.00237671
134.653,0.126975,0.00231271
134.717,0.127119,0.00224866
134.781,0.127259,0.00218468
134.845,0.127394,0.0021208
134.909,0.127526,0.00205674
134.973,0.127654,0.00199274
135.037,0.127777,0.00192876
135.101,0.127897,0.00186457
135.165,0.128012,0.00180057
135.229,0.128123,0.00173676
135.293,0.12823,0.00167278
135.357,0.128333,0.00160873
135.421,0.128432,0.00154468
135.485,0.128526,0.00148086
135.549,0.128617,0.00141678
135.613,0.128704,0.00135281
135.677,0.128786,0.0012888
135.741,0.128865,0.00122478
135.805,0.128939,0.00116056
135.869,0.129009,0.00109666
135.933,0.129075,0.00103297
135.997,0.129137,0.00096889
136.061,0.129195,0.000904957
136.125,0.129249,0.000840835
136.189,0.129299,0.000776904
136.253,0.129344,0.000712905
136.317,0.129386,0.000648816
136.381,0.129423,0.000584828
136.445,0.129456,0.000520863
136.509,0.129486,0.000457026
136.573,0.129511,0.000392972
136.637,0.129532,0.000328943
136.701,0.129549,0.000264828
136.765,0.129562,0.000200818
136.829,0.12957,0.000137107
136.893,0.129575,7.29121e-05
136.957,0.129576,9.02771e-06
137.021,0.10472,9.02771e-06
137.085,0.10472,9.02771e-06
137.149,0.10472,9.02771e-06
137.213,0.10472,9.02771e-06
137.277,0.10472,9.02771e-06
137.341,0.10472,9.02771e-06
137.405,0.10472,9.02771e-06
137.469,0.10472,9.02771e-06
137.533,0.10472,9.02771e-06
137.597,0.10472,9.02771e-06
137.661,0.10472,9.02771e-06
137.725,0.10472,9.02771e-06
137.789,0.10472,9.02771e-06
137.853,0.10472,9.02771e-06
137.917,0.10472,9.02771e-06
137.981,0.10472,9.02771e-06
138.045,0.10472,9.02771e-06
138.109,0.10472,9.02771e-06
